seg_key,episode,segment,scenario,difficulty,tags,n_frames,traj_len_m,total_heading_deg,net_heading_deg,max_left_turn_deg,max_right_turn_deg,n_turn_events,n_left_events,n_right_events,curvature_density,heading_err_deg,frechet_norm
episode_0000_seg03,0,3,intersection,hard,intersection|left_turn|right_turn|multi_turn,719,62.07666973088092,336.55751138449136,-160.6053459863903,36.331216469555415,118.76313286148928,3,1,2,542.1642508265325,12.87901710525455,0.10458093601789971
episode_0001_seg02,1,2,straight,easy,straight|short,389,33.73760058300249,70.55697182923379,-17.01751788567165,0.0,0.0,0,0,0,209.13452827105155,11.76825253822654,0.13022180277137418
episode_0001_seg03,1,3,complex_urban,very_hard,complex_urban|left_turn|right_turn|multi_turn|high_curvature,1242,109.88202850410218,1322.8454683309355,261.3080213855775,345.47805940768956,227.03539304629163,9,3,6,1203.8779101002401,17.54072569841931,0.0846694830421784
episode_0002_seg20,2,20,intersection,hard,intersection|left_turn|right_turn|multi_turn,1088,96.02840370076672,245.58979960486164,12.995792310505806,39.362987593358554,40.82939609354145,3,2,1,255.74703956356694,16.69220833238876,0.0987214586506034
episode_0002_seg22,2,22,intersection,hard,intersection|left_turn|right_turn|multi_turn,1032,94.62924897331062,342.43521036355537,-162.622801210135,33.16088439906656,109.36869151025894,3,1,2,361.87036680396386,25.6462871791736,0.06994336764354518
episode_0003_seg03,3,3,winding,hard,winding|left_turn|right_turn|multi_turn|long,2048,179.2361614540324,1008.4829021048334,192.25214867613215,310.5840268476097,112.14656285920073,6,2,4,562.655936125631,9.889211152712733,0.07461562390615233
episode_0004_seg32,4,32,straight,easy,straight|left_turn|short,378,34.52222862550791,113.40144292143717,16.920158333030514,30.394300964285833,0.0,1,1,0,328.4881869927908,43.90220361529702,0.15644834967416593
episode_0005_seg01,5,1,winding,hard,winding|left_turn|right_turn|multi_turn|long,2738,248.29880803397674,1170.4527483471602,155.60033634314865,331.67296021908766,108.5321334609585,11,3,8,471.3887906328562,12.49464983110107,0.06732913859023837
episode_0011_seg38,11,38,sharp_right_turn,hard,sharp_right_turn|right_turn|short,285,33.06473950203101,127.14976559420174,-83.54433155676085,0.0,75.03693527659615,1,0,1,384.5479126983339,27.001506201672548,0.15988697216042108
episode_0011_seg40,11,40,complex_urban,very_hard,complex_urban|left_turn|right_turn|multi_turn|high_curvature,949,83.34734745216609,1051.4304815746018,-2.9998219226516483,330.8660587131383,334.74770751139823,6,3,3,1261.5044314134036,21.57148758652828,0.1061697274647399
episode_0013_seg01,13,1,winding,hard,winding|left_turn|right_turn|multi_turn,1355,123.46274908460066,544.1805625454446,-63.71602412879491,55.184235254522775,74.73437241429838,9,3,6,440.76498100050765,16.269695124732493,0.06638144605092527
episode_0018_seg04,18,4,intersection,hard,intersection|left_turn|right_turn|multi_turn|high_curvature,590,42.09857289095598,435.2191671099167,-335.68994692378135,33.52101896480798,349.911175159874,2,1,1,1033.8097878928688,9.456258532878081,0.07354636212250254
episode_0018_seg07,18,7,complex_urban,very_hard,complex_urban|left_turn|right_turn|multi_turn|high_curvature,659,40.347395526386705,959.3166777884433,24.358355550952353,326.83643562913164,340.2204626211535,4,2,2,2377.6421384152586,15.939876055070844,0.16668914428282508
episode_0020_seg00,20,0,straight,easy,straight|short,525,39.86912577179041,87.03396840482233,3.796964603235864,0.0,0.0,0,0,0,218.29916437847663,10.184016872691627,0.15366294397009642
episode_0022_seg00,22,0,intersection,hard,intersection|left_turn|right_turn|multi_turn,648,42.18491921759597,147.76186430330006,35.23618349494501,39.243768862248515,32.828510378025044,2,1,1,350.271772576173,10.102373389597883,0.14616143847233115
episode_0024_seg08,24,8,winding,hard,winding|left_turn|right_turn|multi_turn,689,46.15726261247422,274.48608692393157,43.298016658875696,110.37100850553037,62.200218131542584,4,2,2,594.6758351517805,16.045791833554336,0.0621064237457908
episode_0025_seg00,25,0,complex_urban,very_hard,complex_urban|left_turn|right_turn|multi_turn|high_curvature|short,387,39.0728940606937,935.5012092363027,-12.800563938682103,326.60998924256023,340.543677168742,4,2,2,2394.246015621843,24.974879887817462,0.20289820092000102
episode_0027_seg01,27,1,complex_urban,very_hard,complex_urban|left_turn|right_turn|multi_turn|high_curvature,949,66.98836734291947,1324.2154602392889,-329.8569157174997,342.7709972689095,347.70021005974036,6,2,4,1976.7841981586307,14.153288827627414,0.07627365456309278
episode_0029_seg01,29,1,intersection,hard,intersection|left_turn|right_turn|multi_turn,630,46.30372914401502,256.1737822799462,-25.511419671021685,89.44380760256183,50.9566924936035,3,1,2,553.2465462623713,31.838434587793348,0.26304529715847913
episode_0034_seg01,34,1,complex_urban,very_hard,complex_urban|left_turn|right_turn|multi_turn|high_curvature,829,66.89856132916809,996.3159113932668,200.6623483583817,238.6428738538888,207.6823680542638,6,3,3,1489.2934789598658,15.563507734753236,0.09125218753661468
episode_0037_seg04,37,4,sharp_right_turn,hard,sharp_right_turn|right_turn,457,48.8844433001679,118.7963449265836,-58.85842384545751,0.0,52.01594104165818,1,0,1,243.01462163971414,23.945796683636424,0.11765079300373596
episode_0039_seg00,39,0,winding,hard,winding|left_turn|right_turn|multi_turn,801,71.35278822302186,328.91546994792014,-45.16226381467405,65.12513741463113,49.223294909641226,5,2,3,460.9707316830488,22.8041399501163,0.12790530246549603
episode_0043_seg04,43,4,straight,easy,straight|right_turn|short,453,38.48583505634951,87.52564933024607,-53.591075682901106,0.0,41.12957341138562,1,0,1,227.42302252788411,14.955442568930067,0.1738258711930701
episode_0043_seg08,43,8,intersection,hard,intersection|left_turn|right_turn|multi_turn,1082,91.47473549900499,316.88532943101154,-43.67834419593504,42.920946184119316,51.49182990054044,3,1,2,346.4184156448951,13.373950100548845,0.11228410103843636
episode_0045_seg10,45,10,straight,easy,straight,567,44.18372755913533,77.35076531020562,-11.460312524077295,0.0,0.0,0,0,0,175.06618292148315,10.31769808577447,0.175482425677989
episode_0045_seg12,45,12,intersection,hard,intersection|left_turn|right_turn|multi_turn|high_curvature|short,393,39.965120616923315,460.5383554088213,190.84597915231586,304.79320240934396,75.79544479244291,3,1,2,1152.3507205775961,24.54178698357596,0.19127685451450396
episode_0049_seg27,49,27,straight,easy,straight|right_turn|short,409,36.31924716959992,96.64869251588155,-54.20214135292011,0.0,42.86861164414927,1,0,1,266.1087441173033,16.454042250951773,0.20630218771467182
episode_0049_seg54,49,54,sharp_right_turn,hard,sharp_right_turn|right_turn|short,266,23.67261407367144,82.34620707162813,-17.866879090366155,0.0,50.10654308099714,1,0,1,347.8543046211916,21.784683682271737,0.1564191830078195
episode_0052_seg22,52,22,complex_urban,very_hard,complex_urban|left_turn|right_turn|multi_turn|high_curvature,525,49.095530912948135,753.5073170345108,-2.657329197583124,224.61244998752926,209.9698419764746,5,2,3,1534.7778158679323,27.126735666590744,0.16383042965285247
episode_0055_seg01,55,1,complex_urban,very_hard,complex_urban|left_turn|right_turn|multi_turn|high_curvature,1212,108.77243352591614,915.5998648231491,-73.7454235869483,216.43419798229377,227.53867383262474,10,4,6,841.757268035194,19.529456968124293,0.16182175136948412
episode_0056_seg09,56,9,sharp_left_turn,hard,sharp_left_turn|left_turn|short,366,37.489968461697046,106.97794577635273,63.55049996522439,62.65647255519329,0.0,1,1,0,285.3508556179516,32.77798831627622,0.23393688991649986
episode_0058_seg00,58,0,winding,hard,winding|left_turn|right_turn|multi_turn,894,75.28908692986636,312.4031598197091,-39.16515937867749,57.95229727357605,59.719966818196525,5,2,3,414.9381704027309,20.096501369998514,0.10694723232282569
episode_0062_seg01,62,1,complex_urban,very_hard,complex_urban|left_turn|right_turn|multi_turn|high_curvature,406,40.90034448105833,574.4172761146212,-45.806982717370104,172.65484081389968,201.96260535667125,5,2,3,1404.4313890330286,19.173659664385518,0.127514790685901
episode_0075_seg48,75,48,intersection,hard,intersection|left_turn|right_turn|multi_turn,352,66.35880287223029,105.02341296335501,-40.135167246446,30.03950712559424,69.52256194681132,2,1,1,158.26598494486257,41.37536924501489,0.16753405643851502
episode_0076_seg20,76,20,winding,hard,winding|left_turn|right_turn|multi_turn,786,95.35792685856653,296.74209712536253,43.14939250543907,63.301256420739435,47.97934806060809,4,2,2,311.18765571055883,27.768035767479713,0.1524422763094967
episode_0076_seg49,76,49,complex_urban,very_hard,complex_urban|left_turn|right_turn|multi_turn|high_curvature,653,53.25178154853897,1552.8698764210378,-101.6051072501212,234.92073498089442,337.98466128947507,8,4,4,2916.089999741319,19.488929675754893,0.11615986366663303
episode_0077_seg17,77,17,winding,hard,winding|left_turn|right_turn|multi_turn|long,1843,204.56395084805365,989.1775452670349,-122.00909362542882,78.03790019396413,202.16323420419113,12,4,8,483.55418497063437,15.063224127810214,0.07763041856801937
episode_0077_seg21,77,21,complex_urban,very_hard,complex_urban|left_turn|right_turn|multi_turn|high_curvature|long,1635,152.74930889064038,2806.3650684308327,51.93223847515276,341.99145986219304,342.0644973257159,16,8,8,1837.2358531847935,14.815117730051343,0.07620660005823635
episode_0078_seg43,78,43,winding,hard,winding|left_turn|right_turn|multi_turn,745,108.50716002928287,385.89821856546376,-3.9366634804128466,92.73988602721857,73.02662509856995,6,3,3,355.64309162761356,19.939502887328096,0.12845411551482538
episode_0078_seg45,78,45,intersection,hard,intersection|left_turn|right_turn|multi_turn,302,44.24688089154583,242.28886387745447,54.738652394769616,116.4742021188016,84.42486025435747,3,2,1,547.5840533739141,21.165631883201847,0.14191675897973466
episode_0078_seg62,78,62,sharp_right_turn,hard,sharp_right_turn|right_turn|short,263,27.93435243574442,209.72533055780332,-156.5863931458117,0.0,163.22761054347905,1,0,1,750.7792816755674,30.68858341420055,0.13384300562799134
episode_0080_seg03,80,3,sharp_right_turn,hard,sharp_right_turn|right_turn|multi_turn,746,77.47761827919615,215.41340083009015,-101.02224384497248,0.0,75.3580000312536,2,0,2,278.03307021368744,19.788043114372904,0.06137469752067134
episode_0081_seg24,81,24,intersection,hard,intersection|left_turn|right_turn|multi_turn,565,73.05812162139125,218.87311472203356,31.223275302540117,48.67288709068802,46.551947939377925,3,2,1,299.58765687447953,15.790851958272334,0.11155921910357115
episode_0081_seg28,81,28,winding,hard,winding|left_turn|right_turn|multi_turn|long,1732,182.820433696492,757.5709885155297,77.90899693484337,88.36387334446039,92.78038809763999,7,4,3,414.37982242904303,17.4608450524232,0.045025488312201094
episode_0082_seg00,82,0,complex_urban,very_hard,complex_urban|left_turn|right_turn|multi_turn|high_curvature|long,1655,171.15468582410256,3845.3184329537808,-340.2048148112796,340.98894371398177,344.92237944061554,18,8,10,2246.6918825147764,8.324699191213181,0.04584654095985634
episode_0082_seg06,82,6,complex_urban,very_hard,complex_urban|left_turn|right_turn|multi_turn|high_curvature,444,40.74232668042566,930.233486644542,-3.213277336890826,336.45213748556324,339.5670447628497,4,2,2,2283.21149634163,9.110522034828008,0.0863929465724614
episode_0083_seg01,83,1,intersection,hard,intersection|left_turn|right_turn|multi_turn,264,51.50053805368562,272.4508954183518,89.88761591792115,156.98318641592053,91.28163975021533,2,1,1,529.0253378214055,31.378646268413895,0.2051593064321622
episode_0085_seg01,85,1,intersection,hard,intersection|left_turn|right_turn|multi_turn|short,300,38.14409740126037,142.31177695898413,22.04906077361011,49.952703324805356,58.81928652889846,3,2,1,373.0899055282976,15.032959413210197,0.14642322026104038
episode_0085_seg09,85,9,complex_urban,very_hard,complex_urban|left_turn|right_turn|multi_turn|high_curvature,900,95.4162077868454,2114.4336366646558,8.280566514214087,341.80895754546185,233.0172781535358,12,5,7,2216.0109751879736,7.6607779744397755,0.047134528256235375
episode_0086_seg16,86,16,winding,hard,winding|left_turn|right_turn|multi_turn|long,1722,182.94893643908273,528.2629563975247,-108.01726974646243,33.97436532264703,132.28534247673412,4,2,2,288.74885346678286,10.915550100802882,0.056443210398971704
episode_0086_seg27,86,27,complex_urban,very_hard,complex_urban|left_turn|right_turn|multi_turn|high_curvature|long,1609,157.7907716457454,3428.873037754851,-284.5779220125087,335.31179559222556,340.8322635512851,16,8,8,2173.05042746922,11.32516895684835,0.049315851860664554
episode_0087_seg13,87,13,winding,hard,winding|left_turn|right_turn|multi_turn|long,1973,206.89411519604454,512.8401419213889,21.912115905716973,43.355275045967176,37.87923141903832,4,3,1,247.87565438264986,9.160699672177877,0.03159020620554705
episode_0087_seg14,87,14,straight,easy,straight,603,56.0889294403429,103.31480640284335,-6.880133170888513,0.0,0.0,0,0,0,184.1982142175323,11.238887128209647,0.12165540521373676
episode_0089_seg01,89,1,straight,easy,straight|right_turn,685,76.5833832836529,98.45256414384343,-32.45796620683265,0.0,36.74375992816965,1,0,1,128.55603908120708,7.224651131137759,0.03686956079690019
episode_0089_seg02,89,2,winding,hard,winding|left_turn|right_turn|multi_turn,965,98.0114656171601,525.439406369649,36.896495520923466,77.35860476289918,81.59307350363518,6,3,3,536.099937962415,13.04510340699118,0.0734741034478302
episode_0090_seg03,90,3,complex_urban,very_hard,complex_urban|left_turn|right_turn|multi_turn|high_curvature|long,2151,211.7963693718131,3660.710250936943,66.16527828526466,345.2518086044972,351.2536539626345,15,8,7,1728.4102941870956,11.504689886693322,0.03375907205996536
episode_0092_seg01,92,1,complex_urban,very_hard,complex_urban|left_turn|right_turn|multi_turn|high_curvature,565,63.80468354653969,1508.2736425180804,330.9784467274852,342.5611875628327,228.1684548163613,7,4,3,2363.891737536685,6.43859906085745,0.11578763348765561
episode_0093_seg04,93,4,straight,easy,straight|short,303,39.78602200732861,89.19612563824066,21.00080621713434,0.0,0.0,0,0,0,224.1896051377307,23.787283196267317,0.15942882230098043
episode_0093_seg23,93,23,intersection,hard,intersection|left_turn|right_turn|multi_turn|high_curvature|short,174,30.51635552513479,992.3270557908469,-324.12325693368354,330.0023520663602,345.1379417311236,3,1,2,3251.787570024595,34.1329308519456,0.19398254926318328
episode_0094_seg01,94,1,winding,hard,winding|left_turn|right_turn|multi_turn,861,97.2118597781502,337.2039034835131,-11.033684871849005,32.09370986785194,54.26837435452319,5,2,3,346.8752724750408,9.7341365806206,0.06743563283155168
episode_0095_seg02,95,2,complex_urban,very_hard,complex_urban|left_turn|right_turn|multi_turn|high_curvature,881,87.26415669663227,2408.837163890816,-200.5911877358841,342.5227130988127,337.2216682170692,11,6,5,2760.3970004144658,14.561063614798408,0.06341937610090398
episode_0096_seg02,96,2,straight,easy,straight|left_turn,486,49.79718721103375,127.84047098311211,18.58391921910308,44.46999699066882,0.0,1,1,0,256.7222731704533,13.801210981826136,0.12872622939013578
episode_0097_seg01,97,1,winding,hard,winding|left_turn|right_turn|multi_turn,1071,113.40755688414154,439.8331946711162,-101.93637937846691,49.84703100968554,142.64159227613385,5,2,3,387.83411507617154,12.0608375679593,0.11074710380083314
episode_0102_seg00,102,0,intersection,hard,intersection|left_turn|right_turn|multi_turn|high_curvature,418,46.817883658200614,400.30735272484037,-35.81355841828321,115.34874725311016,197.30656691384723,3,2,1,855.0308588216644,14.898648746634018,0.1428371491149103
episode_0103_seg01,103,1,complex_urban,very_hard,complex_urban|left_turn|right_turn|multi_turn|high_curvature,543,65.55764444020379,1505.8192617293225,-333.0820249932752,342.9768763737424,353.3755447973744,5,2,3,2296.939242688631,13.916254017929287,0.1291983795307327
episode_0103_seg02,103,2,complex_urban,very_hard,complex_urban|left_turn|right_turn|multi_turn|high_curvature|short,339,34.32795916554105,749.8703972346567,65.20934521357835,196.2487236716336,207.06096740723103,5,3,2,2184.430462698139,11.656038548964107,0.0905418873138695
episode_0106_seg00,106,0,winding,hard,winding|left_turn|right_turn|multi_turn,880,94.21711305029558,380.2540416947534,27.690996262788815,80.46716839559005,109.89172619286907,4,3,1,403.5933912470485,39.15577008517118,0.11442680193996915
episode_0106_seg19,106,19,complex_urban,very_hard,complex_urban|left_turn|right_turn|multi_turn|high_curvature,739,74.40997481153246,1330.1712704491138,118.33563653078949,335.57096543158946,319.2520342034701,7,3,4,1787.6249438576028,31.285142745188516,0.18025930552495464
episode_0108_seg14,108,14,winding,hard,winding|left_turn|right_turn|multi_turn,1042,125.16800899910922,506.1003671525427,31.9229278106547,57.97266288320813,64.96251744854393,9,5,4,404.3368359052067,20.642017096958636,0.06703273819083301
episode_0108_seg18,108,18,intersection,hard,intersection|left_turn|right_turn|multi_turn,794,77.4916690762018,335.1183720357324,-90.40292175142045,63.331166842263684,156.58536344545135,2,1,1,432.457289965186,30.549891651125552,0.06785444429612443
episode_0108_seg37,108,37,sharp_left_turn,hard,sharp_left_turn|left_turn|short,296,38.97340719646295,83.19399026925274,46.892019403051194,46.1800942727032,0.0,1,1,0,213.4634774164755,39.92933992595058,0.2807015221591264
episode_0110_seg01,110,1,complex_urban,very_hard,complex_urban|left_turn|right_turn|multi_turn|high_curvature,923,99.18985956463426,3020.62002324248,16.811540224796545,352.22812288295864,348.6219485063863,12,6,6,3045.2911582904085,9.143330424543059,0.033510298134350004
episode_0138_seg02,138,2,sharp_right_turn,hard,sharp_right_turn|right_turn,561,42.05931741458015,179.25167265639942,-29.15174013795621,0.0,61.38319482885029,1,0,1,426.1877835284617,18.20967341136069,0.1639510586092936
episode_0138_seg03,138,3,complex_urban,very_hard,complex_urban|left_turn|right_turn|multi_turn|high_curvature,964,70.74522774317097,662.4476024536767,-60.91145144781467,205.08298073320796,195.51209593990248,6,3,3,936.3848609811321,18.513704958338185,0.062029639485920975
episode_0138_seg04,138,4,intersection,hard,intersection|left_turn|right_turn|multi_turn|high_curvature,504,40.62229665795434,638.8610819725383,117.07519856874819,323.8415368991466,226.31488210670204,2,1,1,1572.6857773499164,17.13056826347072,0.20234989152197036
episode_0138_seg08,138,8,complex_urban,very_hard,complex_urban|left_turn|right_turn|multi_turn|high_curvature,801,56.178179759274336,766.0424664210954,-6.440154549651538,235.5771039240255,233.16321716209146,4,2,2,1363.594316696655,8.945721205680888,0.0538831136311299
episode_0138_seg09,138,9,intersection,hard,intersection|left_turn|right_turn|multi_turn,1163,91.53794465572537,361.40330715370976,-145.16141052610672,36.92006013917282,96.74374293218611,3,1,2,394.8125649018549,12.72872873336963,0.057739132859582716
episode_0138_seg10,138,10,sharp_left_turn,hard,sharp_left_turn|left_turn|short,458,32.73843632956519,99.08952737264974,39.14812545883507,47.9687021247818,0.0,1,1,0,302.67031196955696,8.222307897542047,0.08198696825801291
episode_0139_seg14,139,14,winding,hard,winding|left_turn|right_turn|multi_turn|long,1803,152.9467781701137,833.7997891928092,217.1675497640864,307.32162040707516,74.10102204595495,9,5,4,545.156818056947,15.134233827403051,0.06801359327600283
episode_0139_seg23,139,23,curve_right,medium,curve_right|right_turn,722,59.92451199688779,181.94559464253575,-26.63838789165544,0.0,33.98721635585187,1,0,1,303.6246580564314,9.242352302170644,0.0476403753973258
episode_0139_seg25,139,25,winding,hard,winding|left_turn|right_turn|multi_turn,623,46.667308329877,232.7664879367994,8.277270321576594,51.32151155566385,51.865943535091844,5,3,2,498.7784731260777,23.66059015329618,0.13422208249169731
episode_0142_seg05,142,5,intersection,hard,intersection|left_turn|right_turn|multi_turn|high_curvature|short,502,36.9730288631293,817.0178185670736,-335.2196148423021,233.37115209300885,354.956057051309,3,1,2,2209.767075322926,6.328397213274428,0.029102098474641295
episode_0142_seg16,142,16,winding,hard,winding|left_turn|right_turn|multi_turn,1340,90.83974170928215,250.4847171911608,31.056028532520344,62.795604036880036,50.17507393221251,4,2,2,275.74353744069026,11.833944901133094,0.16014705525472378
episode_0142_seg28,142,28,complex_urban,very_hard,complex_urban|left_turn|right_turn|multi_turn|high_curvature,1165,88.91114035034315,2089.3166835676807,-220.8941890177848,346.13494125066643,348.25363110089114,9,4,5,2349.893022780938,9.61894487949467,0.033994863136932126
episode_0142_seg32,142,32,intersection,hard,intersection|left_turn|right_turn|multi_turn|short,491,38.09455128770195,263.3156734850243,-39.4125743459568,81.90105714304138,89.64478238697261,3,1,2,691.2161046244702,26.939307781536026,0.29167200547391264
episode_0142_seg33,142,33,straight,easy,straight,478,42.57029719891908,67.95381878295504,-19.326183526364645,0.0,0.0,0,0,0,159.62730648890204,19.156397444245812,0.15997932263600156
episode_0143_seg02,143,2,intersection,hard,intersection|left_turn|right_turn|multi_turn,1126,82.9226935758833,235.5090658993776,-27.006190009842697,39.5476812356423,50.33390306404195,2,1,1,284.0103905740365,8.701412078634016,0.04664118504343979
episode_0144_seg15,144,15,complex_urban,very_hard,complex_urban|left_turn|right_turn|multi_turn|high_curvature,807,68.64616079986908,2022.9689276660079,-260.60545585032986,327.6498779815886,318.2191993283766,8,4,4,2946.951299379682,27.9293181793913,0.11385918565280836
episode_0144_seg17,144,17,complex_urban,very_hard,complex_urban|left_turn|right_turn|multi_turn|high_curvature,711,62.77279534297206,944.8373016810066,12.718383047421014,219.67129729079022,225.95896217138989,6,3,3,1505.1700287022331,12.674766420871821,0.08318018206309677
episode_0144_seg19,144,19,complex_urban,very_hard,complex_urban|left_turn|right_turn|multi_turn|high_curvature,778,52.85755577481716,1082.8638640965949,246.67499840079714,342.92895010352856,311.10371680217605,5,2,3,2048.6453605796546,17.570343733182018,0.11955789716612816
episode_0144_seg20,144,20,intersection,hard,intersection|left_turn|right_turn|multi_turn,605,49.23705683010094,162.30879156891635,-15.682145673739996,46.97306360006414,50.88505709829337,3,1,2,329.64763131351367,18.657057303368827,0.11106107760990076
episode_0144_seg21,144,21,winding,hard,winding|left_turn|right_turn|multi_turn,1094,90.49550359259337,323.72580655341255,-77.06511054308535,49.21227517037474,76.65108815911321,4,2,2,357.7258468120266,11.616211899819895,0.060249030726994356
episode_0144_seg28,144,28,intersection,hard,intersection|left_turn|right_turn|multi_turn,599,44.1643712150087,203.12915343329692,-67.81909561972972,39.38487334349227,83.43031284414667,3,1,2,459.93896855088946,18.050119227706034,0.06733046405347339
episode_0144_seg29,144,29,intersection,hard,intersection|left_turn|right_turn|multi_turn,595,52.70743066963587,196.3660977058639,-25.124123115361755,52.77404460131416,58.11088819495515,3,1,2,372.5586605362422,12.83420858155857,0.09001674486624922
episode_0147_seg00,147,0,complex_urban,very_hard,complex_urban|left_turn|right_turn|multi_turn|high_curvature,1414,92.66006846407427,1104.2134596809424,344.9463909606343,325.73490663846565,117.80751600700096,7,4,3,1191.6821107347475,7.1707217122717966,0.1344396500970754
episode_0147_seg01,147,1,intersection,hard,intersection|left_turn|right_turn|multi_turn,1067,70.10707043110457,195.2911257666765,-17.070192459837074,36.66088520473113,40.6223345406693,3,1,2,278.56124149217226,9.533583873568144,0.14976160447749323
episode_0148_seg00,148,0,intersection,hard,intersection|left_turn|right_turn|multi_turn|short,510,37.34591346665992,140.90584846449147,39.733163893876764,45.96479601451321,47.328860739673814,3,2,1,377.2992420985587,11.829821344749007,0.11011283745434094
episode_0150_seg00,150,0,complex_urban,very_hard,complex_urban|left_turn|right_turn|multi_turn|high_curvature,1220,90.39761291161301,1478.5847585387883,22.713309224305135,235.47012960232703,347.33773821828,7,4,3,1635.6457996125255,7.141161803650753,0.02510813212769849
episode_0152_seg00,152,0,complex_urban,very_hard,complex_urban|left_turn|right_turn|multi_turn|high_curvature,790,58.435908160883784,899.0803742682883,235.31286229181265,328.44850357711016,234.1952293384694,5,3,2,1538.5751716101859,14.13496602560411,0.07780528787450149
episode_0152_seg03,152,3,sharp_left_turn,hard,sharp_left_turn|left_turn,764,56.39462511366701,407.89667507103144,301.0686449338047,311.9676954241769,0.0,1,1,0,723.2899841942195,9.454662187647456,0.11201521313842767
episode_0155_seg00,155,0,intersection,hard,intersection|left_turn|right_turn|multi_turn|short,647,38.56756609487449,234.51001348793287,-63.92902355369526,34.44967194049542,121.09085350711837,2,1,1,608.0498129206512,14.300110423791374,0.1555334077377855
episode_0155_seg02,155,2,winding,hard,winding|left_turn|right_turn|multi_turn,1236,90.81672787110536,294.08323524106123,-35.72519904190091,47.86776511079759,47.08847647392034,4,2,2,323.8205583209831,18.177414473338153,0.10874941455021657
episode_0157_seg01,157,1,intersection,hard,intersection|left_turn|right_turn|multi_turn,1990,134.1074393082452,412.28528595021635,41.17248450940821,114.041822281539,100.6157352371755,3,2,1,307.42909422241735,12.675820549181054,0.04300653306825749
episode_0158_seg02,158,2,straight,easy,straight,733,49.47547547947552,118.33128888421695,18.519337426039755,0.0,0.0,0,0,0,239.1716051992379,5.733462707471132,0.08778846882570338
episode_0161_seg00,161,0,complex_urban,very_hard,complex_urban|left_turn|right_turn|multi_turn|high_curvature,718,47.59216524316424,1389.514334084427,-27.0939469602762,334.6552948259022,348.73811371292345,6,3,3,2919.628319041454,8.40027835742022,0.10368061781637514
episode_0163_seg00,163,0,complex_urban,very_hard,complex_urban|left_turn|right_turn|multi_turn|high_curvature,819,50.33215029742563,1207.470838335755,-13.590253700745109,352.8387614255481,347.90254623199735,4,2,2,2399.005071709631,7.779482501427301,0.1366696304103998
episode_0166_seg00,166,0,complex_urban,very_hard,complex_urban|left_turn|right_turn|multi_turn|high_curvature,1094,71.1432245161305,699.2238619347768,-169.06221423014568,219.42072075729203,237.8150177366664,5,2,3,982.8397105844421,11.4617796823885,0.06322303610565252
episode_0168_seg00,168,0,straight,easy,straight|short,511,31.94080663660867,63.631128412096785,0.043991234381365985,0.0,0.0,0,0,0,199.2157841723588,7.559938126797746,0.15803472170613758
episode_0172_seg01,172,1,sharp_right_turn,hard,sharp_right_turn|right_turn|short,486,35.37294006491472,111.18300964266498,-100.73358545982668,0.0,103.54904041779506,1,0,1,314.31656356137563,11.835223719137778,0.11086103919631629
episode_0177_seg00,177,0,winding,hard,winding|left_turn|right_turn|multi_turn,967,70.6566289751463,469.68169702887576,-307.3840144111048,57.22144803769771,225.70257644288338,4,1,3,664.7383321869032,9.14402661234588,0.06856541889328421
episode_0179_seg01,179,1,intersection,hard,intersection|left_turn|right_turn|multi_turn|high_curvature,915,62.721000619905844,533.4691994423026,0.5211272997368042,236.09469761724557,237.1559098695525,2,1,1,850.5431899519073,6.535759828546529,0.09958797480853494
episode_0181_seg00,181,0,complex_urban,very_hard,complex_urban|left_turn|right_turn|multi_turn|high_curvature,893,59.486616436975844,614.0219813444028,74.35005146409648,235.38813360477485,121.70052180740588,4,2,2,1032.201893672906,5.90365549862305,0.05894480998002849
episode_0182_seg00,182,0,intersection,hard,intersection|left_turn|right_turn|multi_turn,726,50.7350363226317,186.49380407589098,78.47312137163061,127.99424401848614,39.20892527996605,2,1,1,367.58385840102477,13.056771416365123,0.09653357722951648
episode_0183_seg02,183,2,straight,easy,straight,809,55.59827467363928,77.90107745623257,-10.095077638469917,0.0,0.0,0,0,0,140.1141994306663,7.482614659934253,0.0692636599677264
episode_0187_seg08,187,8,intersection,hard,intersection|left_turn|right_turn|multi_turn|high_curvature|short,363,28.85458253675955,260.5394735907592,10.85383422996884,122.59729414809564,116.9292261322461,2,1,1,902.9396743440757,6.311618405162891,0.08342731809025032
episode_0187_seg10,187,10,intersection,hard,intersection|left_turn|right_turn|multi_turn|high_curvature|short,352,27.17538170076741,260.5617653681546,15.070879351555789,129.4257802328599,121.7359673015626,2,1,1,958.815475849587,5.954177404917831,0.13367837358610207
episode_0188_seg02,188,2,straight,easy,straight|left_turn|short,366,27.794319997419812,44.33547945466927,26.113586169843472,35.22453281225637,0.0,1,1,0,159.51273302885264,10.594322241989575,0.1117217759336899
episode_0188_seg04,188,4,straight,easy,straight,933,71.30537629622218,96.78923024852423,4.531299795529719,0.0,0.0,0,0,0,135.73903578663564,6.435880519245572,0.11554657460387234
episode_0189_seg02,189,2,complex_urban,very_hard,complex_urban|left_turn|right_turn|multi_turn|high_curvature|long,2817,193.93913613504827,2397.474310068,167.4735783312102,335.94371500229886,348.160576737332,14,8,6,1236.1993344131088,9.407793931161972,0.06357743785958501
episode_0192_seg02,192,2,curve_left,medium,curve_left,739,56.38633723909089,122.55219208376303,31.921185056035654,0.0,0.0,0,0,0,217.34377170858585,6.925763701132763,0.13719126592442485
episode_0192_seg03,192,3,complex_urban,very_hard,complex_urban|left_turn|right_turn|multi_turn|high_curvature,1026,79.4128643031089,1184.9037822087562,229.8081173180507,228.2858281065768,210.07410591678456,7,4,3,1492.0803985688358,6.375811692610408,0.1463893687167759
episode_0195_seg02,195,2,intersection,hard,intersection|left_turn|right_turn|multi_turn,1820,137.99085319915292,310.1752655432357,-84.6083095175608,34.22165922317859,75.15796531199538,3,1,2,224.7795838290677,14.028413057260048,0.06849800570434464
episode_0197_seg01,197,1,complex_urban,very_hard,complex_urban|left_turn|right_turn|multi_turn|high_curvature,568,43.72962249354645,1063.9966942699125,-327.423610948083,230.47524623788667,347.8384180456042,6,2,4,2433.125724849181,9.825824606128297,0.1320740903739072
episode_0197_seg06,197,6,intersection,hard,intersection|left_turn|right_turn|multi_turn|high_curvature,592,43.38818613221137,1083.6462827281132,-340.1630134241929,350.5153443230834,353.6369530757197,3,1,2,2497.56069411626,7.519881923862147,0.14292416322726978
episode_0197_seg07,197,7,complex_urban,very_hard,complex_urban|left_turn|right_turn|multi_turn|high_curvature,1385,119.26597704343533,1023.1645727927202,-55.13756806594739,225.3636021237568,342.2251278144716,8,4,4,857.8847028772465,12.921287484820557,0.073469450089701
episode_0198_seg02,198,2,winding,hard,winding|left_turn|right_turn|multi_turn,1028,85.36641537131504,562.67634236822,-189.04441589200587,95.87836586660973,251.81134516727852,4,1,3,659.1308067941804,19.745816168761195,0.05903965719274665
episode_0198_seg12,198,12,sharp_left_turn,hard,sharp_left_turn|left_turn|short,485,39.42053766822211,128.05282008939514,92.54103422326136,73.80351851164053,0.0,1,1,0,324.83783241906855,13.560812881384841,0.175169900403429
episode_0198_seg17,198,17,intersection,hard,intersection|left_turn|right_turn|multi_turn|short,480,38.74733311076672,138.34548983520207,-2.615143713850017,52.52012562697317,43.971578099716396,2,1,1,357.045191832209,16.50084206393343,0.10721072519150432
episode_0198_seg19,198,19,sharp_right_turn,hard,sharp_right_turn|right_turn|short,477,37.011982410055,144.394403588368,-81.57200772251372,0.0,85.32730765937174,1,0,1,390.12880204206664,9.228081373032495,0.142993731676668
episode_0199_seg00,199,0,complex_urban,very_hard,complex_urban|left_turn|right_turn|multi_turn|high_curvature|long,4735,379.56759514126946,3159.816157178035,171.23349212107104,340.44520537506565,345.3355708403957,19,9,10,832.4778504872098,10.39454109799708,0.04466243618646818
episode_0199_seg02,199,2,complex_urban,very_hard,complex_urban|left_turn|right_turn|multi_turn|high_curvature|long,3788,299.1155160798096,3610.748233615137,-55.174782561181246,346.38586801210687,334.3806641884547,22,12,10,1207.1417360548164,10.840232362837119,0.07748607296771612
episode_0200_seg00,200,0,straight,easy,straight,1012,77.92385445975164,112.55867465581122,-4.270368464510113,0.0,0.0,0,0,0,144.4470059087603,5.386820790270032,0.09985116911345869
episode_0201_seg00,201,0,complex_urban,very_hard,complex_urban|left_turn|right_turn|multi_turn|high_curvature|long,3937,305.95982913124817,3668.3332707803,-165.5379228781876,344.9766947336783,341.99663569290396,18,10,8,1198.959118651713,6.974055403508001,0.06779594866088165
episode_0201_seg01,201,1,complex_urban,very_hard,complex_urban|left_turn|right_turn|multi_turn|high_curvature,1444,112.098240889258,3094.4600060454445,223.95873987258062,344.40693224575926,348.76107455736025,14,7,7,2760.4893542463933,13.76296729270389,0.11809868068621074
episode_0201_seg02,201,2,intersection,hard,intersection|left_turn|right_turn|multi_turn,1382,114.02220599489107,599.9248413412778,163.18618716217568,184.8192338240583,94.95346667197822,3,2,1,526.1473728794182,10.04413811950054,0.06262342885638525
episode_0201_seg03,201,3,straight,easy,straight,943,73.19930139417241,138.68722765290752,-11.551781961446665,0.0,0.0,0,0,0,189.46523397277775,5.597793378249157,0.155738263549823
episode_0204_seg00,204,0,winding,hard,winding|left_turn|right_turn|multi_turn,1085,75.44808404899484,562.6417878263428,9.5385069688503,121.73331627736957,120.74835039262618,4,2,2,745.7336987655933,4.810854376002327,0.16599291854416567
episode_0204_seg02,204,2,straight,easy,straight|short,456,31.715206916833715,47.854995289394,-5.226975444898784,0.0,0.0,0,0,0,150.8897464074045,7.379132604704191,0.22777794201547139
episode_0204_seg03,204,3,straight,easy,straight|left_turn,543,42.55936907626375,109.48556034454143,9.879208348295236,30.479577188810993,0.0,1,1,0,257.25372044014586,6.551864997258196,0.15139824980612074
episode_0205_seg00,205,0,curve_left,medium,curve_left|short,507,34.77390217778079,118.41968352483929,30.65946817818559,0.0,0.0,0,0,0,340.5418319733613,9.364580559565741,0.1464368570312381
episode_0206_seg02,206,2,complex_urban,very_hard,complex_urban|left_turn|right_turn|multi_turn|high_curvature,1680,103.24403201816267,2216.7047191249426,105.76194193786273,339.6592516301189,337.6169158342757,12,7,5,2147.053612488691,8.331372204223682,0.12000603329875117
episode_0206_seg03,206,3,straight,easy,straight,815,53.486260531850085,102.91021942436615,-13.811686218607036,0.0,0.0,0,0,0,192.40496232314652,10.459131790228774,0.1511149766726148
episode_0206_seg04,206,4,straight,easy,straight|short,652,39.977380050478,108.52545201481408,7.514190866067423,0.0,0.0,0,0,0,271.4671443645954,7.628172811867146,0.19579099557080354
episode_0211_seg06,211,6,straight,easy,straight,486,49.79808021933711,107.64305535967983,8.116512838642478,0.0,0.0,0,0,0,216.15904646436738,8.255957132734078,0.1140447913259938
episode_0211_seg16,211,16,complex_urban,very_hard,complex_urban|left_turn|right_turn|multi_turn|high_curvature,733,56.66858558043253,710.244522373268,76.45809468065681,126.50860551166497,238.59438141661946,5,4,1,1253.3302447882395,16.936052328260658,0.08761473738513421
episode_0211_seg17,211,17,intersection,hard,intersection|left_turn|right_turn|multi_turn|short,519,38.32653370735639,172.89083115047916,-8.671028444653956,47.148632555175794,34.961268797736835,2,1,1,451.09957626377917,12.70961571150234,0.10270731284451655
episode_0211_seg19,211,19,intersection,hard,intersection|left_turn|right_turn|multi_turn,817,83.88815771902408,325.01576752725487,19.536177100781032,67.5081368698095,56.93983705553313,3,2,1,387.4393911663506,15.68767679043336,0.04562431943677887
episode_0211_seg28,211,28,intersection,hard,intersection|left_turn|right_turn|multi_turn,644,54.916000359474,243.15857871824795,-58.044686228559044,44.68774082301448,84.38991219272268,3,1,2,442.7827538905949,23.82134025250133,0.11860120108730098
episode_0211_seg29,211,29,intersection,hard,intersection|left_turn|right_turn|multi_turn,802,65.14132412040715,211.36549571640575,12.771344357697501,32.058883580687166,30.712327894083472,3,1,2,324.4722126398874,9.234730546012445,0.11590217682296304
episode_0211_seg38,211,38,intersection,hard,intersection|left_turn|right_turn|multi_turn,559,43.38047596645879,162.09157262185843,-47.38965913514423,32.99664188133559,60.18549195475762,2,1,1,373.65097779744394,10.007027429086657,0.05764285349383881
episode_0211_seg39,211,39,sharp_right_turn,hard,sharp_right_turn|right_turn|short,456,34.74120530037622,141.5624273882715,-58.46832412485696,0.0,82.31525117790852,1,0,1,407.4770180375362,12.674489211810169,0.2063457971447371
episode_0211_seg40,211,40,winding,hard,winding|left_turn|right_turn|multi_turn|short,459,36.690995613440826,214.1060859704335,-35.79449711757897,59.370282764865635,54.08194110978559,4,1,3,583.5385014518415,19.453529748560598,0.21243944447956242
episode_0216_seg25,216,25,straight,easy,straight|left_turn|short,511,33.043019643476114,68.3333836862897,23.06211087598436,41.06766411067241,0.0,1,1,0,206.80126823633435,20.189007174293486,0.12108279697008041
episode_0216_seg27,216,27,intersection,hard,intersection|left_turn|right_turn|multi_turn,660,41.08576690487653,166.83469769642775,49.69377872914637,56.73346854203834,43.45695679286695,3,2,1,406.0644604314929,13.656163481862366,0.11381315110203831
episode_0220_seg01,220,1,intersection,hard,intersection|left_turn|right_turn|multi_turn,349,47.11624337525159,128.11878503043957,8.327218316696332,32.36368127807074,33.88617253745832,2,1,1,271.9206283278,8.707246158051378,0.2588209496020006
episode_0225_seg03,225,3,intersection,hard,intersection|left_turn|right_turn|multi_turn|short,438,38.62345363590869,126.21750929840545,5.787321490044974,61.240460819988925,34.891132325712675,2,1,1,326.7898062359175,15.404127145201306,0.16595102042728535
episode_0236_seg03,236,3,complex_urban,very_hard,complex_urban|left_turn|right_turn|multi_turn|high_curvature,449,43.77871442535677,1160.583457799566,-6.938418640146182,343.8844177365154,339.6651177507073,6,3,3,2651.0222445621944,6.732821793784564,0.13574839672210764
episode_0237_seg01,237,1,sharp_left_turn,hard,sharp_left_turn|left_turn,381,55.297345064337506,215.662976538212,90.67958880950343,129.35476298868502,0.0,1,1,0,390.00602341268257,29.39640670747587,0.23381927303489614
episode_0237_seg02,237,2,intersection,hard,intersection|left_turn|right_turn|multi_turn|high_curvature|short,449,37.741149823432764,667.946846590102,-3.935618411625768,305.6210117448103,323.9035538736222,2,1,1,1769.8105376094993,22.435800859923614,0.22718920265221196
episode_0238_seg00,238,0,intersection,hard,intersection|left_turn|right_turn|multi_turn,539,48.27036882080893,168.95743124756277,-7.217001033109028,38.87377712570958,40.194668477817714,3,1,2,350.0230791166582,10.071220347569996,0.12340099686210572
episode_0238_seg18,238,18,complex_urban,very_hard,complex_urban|left_turn|right_turn|multi_turn|high_curvature,556,47.44469061897691,1253.77619631399,-304.53095021382194,323.19056934596955,321.628921433726,6,2,4,2642.6059058597916,13.820031764085533,0.13275894300035776
episode_0240_seg09,240,9,straight,easy,straight,520,43.094737902740796,132.19863508714423,18.55256515776108,0.0,0.0,0,0,0,306.76282423505927,25.551638055089388,0.058218461795767215
episode_0240_seg14,240,14,intersection,hard,intersection|left_turn|right_turn|multi_turn|short,387,33.466230152436076,103.79620639486521,33.50598809351371,43.004323823826155,33.08558942453027,2,1,1,310.1520724685199,32.11451613828226,0.18607433122837952
episode_0240_seg30,240,30,sharp_left_turn,hard,sharp_left_turn|left_turn,610,49.27213555791361,115.58372525204149,46.50184463193594,54.610569279520035,0.0,1,1,0,234.58233328690693,21.622696727102426,0.043697007551372416
episode_0241_seg03,241,3,straight,easy,straight,458,46.65052003784421,68.51845194160259,-14.744448650528483,0.0,0.0,0,0,0,146.87607316278255,9.72919714413641,0.1791703787586431
episode_0243_seg01,243,1,straight,easy,straight,529,53.98660183101942,85.93093051882585,4.754216867698858,0.0,0.0,0,0,0,159.17084536602925,17.063547242690134,0.09875552456177407
episode_0244_seg42,244,42,complex_urban,very_hard,complex_urban|left_turn|right_turn|multi_turn|high_curvature|short,389,32.11078628555255,803.9274460866812,-338.5988547382452,221.6126681382612,225.19687934449303,5,1,4,2503.60560759108,30.330226336872627,0.0828462705558163
episode_0245_seg00,245,0,winding,hard,winding|left_turn|right_turn|multi_turn,560,54.54630126865611,226.44717673061328,3.939834840599673,71.50025365527787,75.92986614688803,4,2,2,415.1467129096367,12.72375578385752,0.16484120126335952
episode_0247_seg01,247,1,straight,easy,straight|short,361,35.15889616091661,50.450280259970924,-11.160342735358341,0.0,0.0,0,0,0,143.49221895098216,9.463474515031828,0.14564668915864948
episode_0248_seg04,248,4,intersection,hard,intersection|left_turn|right_turn|multi_turn|high_curvature|short,464,35.988139985281414,296.61158729969804,4.948957145070793,120.8397828081736,113.75358035839422,2,1,1,824.1926018432948,10.46764998220574,0.19920877320897135
episode_0254_seg08,254,8,straight,easy,straight|short,375,31.16577430930261,73.61823514262369,24.619712579229883,0.0,0.0,0,0,0,236.21500435703769,22.499567094625245,0.17811188268118952
episode_0257_seg00,257,0,intersection,hard,intersection|left_turn|right_turn|multi_turn,1373,117.66993216373837,363.8526931577473,44.53598259121853,54.95132893778816,43.954867602135806,3,2,1,309.21467061903655,10.708006605261374,0.04384198888426429
episode_0257_seg02,257,2,complex_urban,very_hard,complex_urban|left_turn|right_turn|multi_turn|high_curvature|long,2675,221.38659592764452,2745.2251205709945,-45.71258148858412,238.2891696317487,347.3405027640075,12,7,5,1240.0141521974585,20.016870926581426,0.03341665169240284
episode_0259_seg00,259,0,straight,easy,straight|short,357,31.346707222208792,93.49173347850339,-26.678579543254926,0.0,0.0,0,0,0,298.2505716334555,10.20156974683732,0.22292786804988796
episode_0265_seg94,265,94,sharp_right_turn,hard,sharp_right_turn|right_turn,722,63.42140281419492,177.30379146208983,-66.95502879587215,0.0,56.75014531832261,1,0,1,279.56460058371,16.050892184397608,0.09662677439971722
episode_0268_seg00,268,0,straight,easy,straight|short,303,32.93245150314587,27.366296304058466,-4.565346247574354,0.0,0.0,0,0,0,83.09826646657113,5.617844753850699,0.10445488891503206
episode_0273_seg04,273,4,sharp_left_turn,hard,sharp_left_turn|left_turn,1067,99.46430124373481,231.257030809893,52.06110448526462,49.05312991629884,0.0,1,1,0,232.50254404663576,11.430523075185814,0.05244727056476513
episode_0274_seg13,274,13,complex_urban,very_hard,complex_urban|left_turn|right_turn|multi_turn|high_curvature,822,60.93039634122503,1083.2102623280243,-326.3927325030465,235.04656723630347,342.6532395321548,5,2,3,1777.7830563612022,30.268838073209043,0.17524630954564627
episode_0277_seg05,277,5,intersection,hard,intersection|left_turn|right_turn|multi_turn|high_curvature|short,282,38.693074940714034,512.1653701127528,4.528336795753418,210.07793955656444,222.63708722300692,2,1,1,1323.6615877582703,11.74479682108101,0.2886510762577752
episode_0278_seg02,278,2,intersection,hard,intersection|left_turn|right_turn|multi_turn,360,41.80773110479464,139.80057466651456,6.796410085253996,30.52062441948854,36.91505683833964,2,1,1,334.38928870857046,20.52032248812749,0.1902289435059346
episode_0278_seg09,278,9,intersection,hard,intersection|left_turn|right_turn|multi_turn|short,315,33.593262603359975,174.0689591413288,37.728858994115825,75.18140965470698,60.66703884956962,3,2,1,518.1662799370923,19.6468016508102,0.06007690669662983
episode_0278_seg15,278,15,intersection,hard,intersection|left_turn|right_turn|multi_turn|high_curvature|short,352,34.176513560183075,444.51894810476347,-132.1678153959482,123.9819958186367,193.35305333090852,3,1,2,1300.6562162111375,35.49908838838671,0.35271263940713277
episode_0278_seg23,278,23,complex_urban,very_hard,complex_urban|left_turn|right_turn|multi_turn|high_curvature|short,356,35.250643582531254,1241.6489371198968,-300.9883957697482,332.41164076833047,347.03167289042307,5,2,3,3522.3440224938363,15.065644932685764,0.07645070413830793
episode_0279_seg01,279,1,winding,hard,winding|left_turn|right_turn|multi_turn,1088,88.34587404204825,280.8125807642034,-88.85105457480293,34.6357243416862,57.958682886009115,4,2,2,317.855908732705,32.63344604381144,0.0934691238565323
episode_0280_seg08,280,8,straight,easy,straight,470,59.458388239330525,90.60087216749875,-7.394852464817831,0.0,0.0,0,0,0,152.37693931899773,15.22816528702264,0.12486126695314999
episode_0280_seg17,280,17,sharp_left_turn,hard,sharp_left_turn|left_turn,395,41.09044110227384,115.72731322979416,62.720792146723,69.94833323354837,0.0,1,1,0,281.64047434231634,19.85707883085378,0.09514758302026673
episode_0281_seg16,281,16,sharp_left_turn,hard,sharp_left_turn|left_turn|short,450,38.412090663977594,91.11901773503078,53.22448670117333,61.427870163570645,0.0,1,1,0,237.21441910601632,33.18780127300222,0.2802333239853836
episode_0283_seg05,283,5,intersection,hard,intersection|left_turn|right_turn|multi_turn,372,42.95949193852681,230.68811653742975,10.574300680743164,72.10585829508102,106.23952309279872,3,2,1,536.9898621416067,36.15173328206896,0.16885752502520315
episode_0283_seg25,283,25,intersection,hard,intersection|left_turn|right_turn|multi_turn|high_curvature|short,221,21.22824157881344,580.3206091934235,-118.2747103489298,231.0229494222468,228.16062546064165,3,1,2,2733.7196396549616,34.66677561175896,0.19059503498563352
episode_0283_seg36,283,36,intersection,hard,intersection|left_turn|right_turn|multi_turn|high_curvature|short,366,28.90262770020862,732.3460467121376,2.604405116389671,346.8727982441535,338.8676700239587,2,1,1,2533.838979307932,32.529130814204144,0.14142266654116467
episode_0284_seg02,284,2,sharp_left_turn,hard,sharp_left_turn|left_turn|short,315,26.05757868063141,84.92670851221644,69.85055918129481,54.871278990031726,0.0,1,1,0,325.919416969246,30.863832193873126,0.10861222366835453
episode_0284_seg03,284,3,intersection,hard,intersection|left_turn|right_turn|multi_turn,1276,102.98222861198911,378.13241278467564,-106.8045368066054,44.66179167179797,152.69577169557522,3,1,2,367.1822001535649,37.25261750534008,0.07077398901393389
episode_0284_seg44,284,44,intersection,hard,intersection|left_turn|right_turn|multi_turn|high_curvature|short,279,22.918054634963653,681.3823364425524,-18.45143179602701,331.1426375968322,338.2248408647166,2,1,1,2973.124670900467,32.09031715109328,0.137249565458173
episode_0361_seg43,361,43,intersection,hard,intersection|left_turn|right_turn|multi_turn,568,49.4841265750045,297.85794905150806,8.059808496561544,132.44964455694088,123.55914031214422,2,1,1,601.926253260298,22.287247017033835,0.10714841314681373
episode_0362_seg23,362,23,sharp_left_turn,hard,sharp_left_turn|left_turn|high_curvature|short,416,37.81564054228024,413.905538579045,250.46220451133834,302.7051495697508,0.0,1,1,0,1094.5353103731586,28.126169273753842,0.08162033208410026
episode_0362_seg28,362,28,curve_left,medium,curve_left,463,43.11668681416781,107.7619706290948,31.87044569674893,0.0,0.0,0,0,0,249.93100952665284,25.705145628239638,0.08335843653961632
episode_0362_seg31,362,31,straight,easy,straight|right_turn|short,347,30.670493820474807,68.2683916542237,-12.291978644086612,0.0,34.55768247716685,1,0,1,222.58654214641155,25.263309417603224,0.08166542275871878
episode_0364_seg05,364,5,complex_urban,very_hard,complex_urban|left_turn|right_turn|multi_turn|high_curvature,515,43.70642514507851,1167.4328620072793,-1.9816012185255545,234.0493107525601,234.67945270037038,7,3,4,2671.0783554869076,6.601179427421513,0.11606245266191673
episode_0364_seg06,364,6,intersection,hard,intersection|left_turn|right_turn|multi_turn|high_curvature|short,412,34.983733975489905,507.54017770830467,35.22772660832132,233.71927950638954,236.1562255499917,3,2,1,1450.789038311046,10.94718573417803,0.15795586690899502
episode_0364_seg07,364,7,complex_urban,very_hard,complex_urban|left_turn|right_turn|multi_turn|high_curvature,907,80.81237416616071,1442.4575824379613,-75.5894573593169,309.6242853543574,341.9103339416187,7,3,4,1784.9464235168757,11.620975722755057,0.07998169612228072
episode_0364_seg09,364,9,intersection,hard,intersection|left_turn|right_turn|multi_turn,912,80.79507354029656,318.59537844898045,120.20971028310387,145.78733337269907,53.315967799309874,3,2,1,394.3252533709013,12.884223200439699,0.11097713690016181
episode_0365_seg00,365,0,straight,easy,straight|short,341,30.254760973467093,38.69683328972485,-4.738339636678575,0.0,0.0,0,0,0,127.90328544873088,9.02876111255874,0.08026566104968359
episode_0365_seg03,365,3,straight,easy,straight|left_turn,502,44.02530322327172,94.45861504125224,7.340141169819503,33.13965082349617,0.0,1,1,0,214.5552855416145,10.76477824373873,0.18133896587243567
episode_0366_seg03,366,3,complex_urban,very_hard,complex_urban|left_turn|right_turn|multi_turn|high_curvature|short,397,34.10750911057289,831.6692057678734,-332.02629605434254,128.10362403838872,230.8522858042021,6,2,4,2438.375675783567,8.365646798863583,0.055087779340776
episode_0366_seg04,366,4,complex_urban,very_hard,complex_urban|left_turn|right_turn|multi_turn|high_curvature,906,79.92809565547688,2499.5366969823262,-41.85812841551956,345.28257754766,342.584757620255,9,4,5,3127.231640493929,10.06767855187737,0.11125832413549203
episode_0367_seg02,367,2,curve_right,medium,curve_right|right_turn,617,52.710143014059796,106.18077705308801,-22.66614955101963,0.0,37.259412382485664,1,0,1,201.44277928588727,7.420520114120522,0.11512228320405993
episode_0379_seg11,379,11,winding,hard,winding|left_turn|right_turn|multi_turn,1340,113.39710414983222,827.1763003530856,13.190836869450123,232.15531239420818,122.47537844623584,6,2,4,729.4509913234937,12.261044775364441,0.042354812926321046
episode_0383_seg02,383,2,winding,hard,winding|left_turn|right_turn|multi_turn|long,1994,188.36797981631037,786.0049928368077,191.67955039316405,310.0258927808764,65.95426268603822,7,3,4,417.2710211169071,9.868137489692897,0.047153975343996984
episode_0384_seg02,384,2,straight,easy,straight|right_turn|short,436,37.06282451600876,99.34567079967076,-57.019924345490494,0.0,44.271426620382755,1,0,1,268.04668045944476,15.928665563951895,0.17934549835922836
episode_0384_seg03,384,3,winding,hard,winding|left_turn|right_turn|multi_turn|long,2984,277.118234126284,1455.3822161125581,178.76153668776107,320.22177363108517,231.4105756235466,9,5,4,525.1845735453604,12.160200469919422,0.041634925477955075
episode_0386_seg00,386,0,winding,hard,winding|left_turn|right_turn|multi_turn,611,52.124213240118344,299.1918668585824,-93.21700837603055,48.14763291988152,132.18780461925274,4,2,2,573.9978567739877,22.609150078409865,0.17031910692704022
episode_0386_seg02,386,2,intersection,hard,intersection|left_turn|right_turn|multi_turn,732,63.73752296074446,189.43398442071947,16.035173389008378,58.28375808450133,36.10581042347252,2,1,1,297.20951744138324,20.75832554013232,0.12222487210766558
episode_0388_seg02,388,2,complex_urban,very_hard,complex_urban|left_turn|right_turn|multi_turn|high_curvature,502,40.761021323242396,714.7061131609661,-3.0063159513294693,120.2864839605754,117.54969532621809,6,3,3,1753.4058027967826,6.179643333764512,0.1423556367829665
episode_0389_seg02,389,2,intersection,hard,intersection|left_turn|right_turn|multi_turn|high_curvature,499,43.46539999853431,456.2462534049251,-268.56420686901623,83.20877501651873,351.9091192389797,2,1,1,1049.6768772870148,6.04415576489742,0.02247216954034606
episode_0390_seg05,390,5,intersection,hard,intersection|left_turn|right_turn|multi_turn,494,52.46956510507806,139.655360078333,5.615501519852501,31.691717226172926,30.94102596909164,2,1,1,266.1645085082228,14.206880776044573,0.11839577284774762
episode_0392_seg11,392,11,straight,easy,straight|short,403,33.326187351227816,65.62126453569937,-15.578003667006328,0.0,0.0,0,0,0,196.9060062110037,8.937285364801893,0.15713954508904612
episode_0393_seg00,393,0,intersection,hard,intersection|left_turn|right_turn|multi_turn|high_curvature,534,46.76630100465744,718.2107546932957,18.197241298261815,343.54637235306586,341.51716372834346,2,1,1,1535.7441988447392,9.766367713061634,0.12804807614612482
episode_0393_seg06,393,6,sharp_right_turn,hard,sharp_right_turn|right_turn|multi_turn,1118,98.4799723633093,215.24902037796076,-81.57107182887185,0.0,63.49532929388454,2,0,2,218.57136554006195,9.617608463818083,0.09805404553203496
episode_0394_seg02,394,2,intersection,hard,intersection|left_turn|right_turn|multi_turn|short,501,34.96536457242061,107.8681588452313,-40.36169969378395,33.40208705888381,52.70433166183881,2,1,1,308.50002613819083,13.337082803611324,0.08622483695477344
episode_0395_seg03,395,3,intersection,hard,intersection|left_turn|right_turn|multi_turn,1523,98.41384632313219,257.2685147304587,-33.239517240941126,32.163222279917505,79.68551082545548,2,1,1,261.41495769380134,19.333705478848408,0.10342432453084535
episode_0396_seg01,396,1,complex_urban,very_hard,complex_urban|left_turn|right_turn|multi_turn|high_curvature|long,1809,156.0292905892318,2492.578000332433,-82.77759731552555,349.1823627541345,344.2218685785708,12,5,7,1597.50646235679,8.670741944504595,0.06181802653006446
episode_0396_seg02,396,2,winding,hard,winding|left_turn|right_turn|multi_turn,1438,135.54554002148265,703.8965756857269,-231.72039028112675,73.22536914484641,303.96825741617073,6,3,3,519.3063346637346,12.565437395886029,0.07499922730914713
episode_0396_seg03,396,3,intersection,hard,intersection|left_turn|right_turn|multi_turn,905,83.11316559876835,273.8748306020091,-8.529303806599586,52.2821188393456,79.03195792477979,2,1,1,329.5203938256296,9.21194191420082,0.13243270741516852
episode_0397_seg02,397,2,sharp_left_turn,hard,sharp_left_turn|left_turn|multi_turn,1623,141.96438113893635,363.01952675017685,88.21981832610302,107.3991116549723,0.0,3,3,0,255.71169601683422,8.92960943650732,0.05120261942275134
episode_0399_seg00,399,0,complex_urban,very_hard,complex_urban|left_turn|right_turn|multi_turn|high_curvature,967,83.8690325180146,2262.351642751489,-335.0730371246859,338.1497469215322,348.0985246309483,10,5,5,2697.481507570209,9.145722478151228,0.06497006251818106
episode_0401_seg00,401,0,complex_urban,very_hard,complex_urban|left_turn|right_turn|multi_turn|high_curvature,714,62.719620091870624,932.69757363412,-86.8066203220423,235.43019480613674,242.03091297411763,4,2,2,1487.0905982337274,9.369971137287724,0.07523204124509712
episode_0402_seg00,402,0,curve_right,medium,curve_right|right_turn,850,76.00290386380999,188.25427479960035,-31.532725240426828,0.0,44.98169869650508,1,0,1,247.6935291011172,17.095381914241354,0.09537560558385337
episode_0403_seg01,403,1,straight,easy,straight|left_turn|short,312,30.869587765375805,74.51255792904266,35.34084562938284,35.05942487151171,0.0,1,1,0,241.37853247466435,16.567545647057976,0.057422330190733895
episode_0404_seg02,404,2,sharp_right_turn,hard,sharp_right_turn|right_turn,869,79.0622314762246,220.0140671177975,-104.32207956522203,0.0,112.5923441080617,1,0,1,278.2796071016028,8.555965032159506,0.0799471782384014
episode_0405_seg02,405,2,sharp_right_turn,hard,sharp_right_turn|right_turn|multi_turn,732,63.84165665625602,180.96596670816763,-58.483469464499876,0.0,76.49598515674123,2,0,2,283.46063712373024,19.193979641054568,0.10824929459270201
episode_0406_seg02,406,2,curve_left,medium,curve_left|right_turn,702,59.36127863831817,105.89235641857269,21.011858088427203,0.0,34.836206379807834,1,0,1,178.3862457946085,8.213487807930013,0.0644931318489888
episode_0407_seg00,407,0,straight,easy,straight|short,360,31.05541884354085,48.331451256778905,-19.985861463593437,0.0,0.0,0,0,0,155.6296873672057,7.3108464794477035,0.11337292188814199
episode_0408_seg08,408,8,complex_urban,very_hard,complex_urban|left_turn|right_turn|multi_turn|high_curvature,1071,91.46081888156263,1212.3609130513726,72.41233797465688,341.23623954904804,279.9140954099716,5,3,2,1325.5522177439957,9.726145203480513,0.025621379268701727
episode_0408_seg15,408,15,intersection,hard,intersection|left_turn|right_turn|multi_turn|high_curvature|short,398,29.657935488351526,383.8008501435527,100.40700570730755,219.02705739250896,126.98375392793173,2,1,1,1294.0915941175156,15.454389227232179,0.20881692036853527
episode_0409_seg02,409,2,winding,hard,winding|left_turn|right_turn|multi_turn|long,2429,216.78413037120401,1056.381155282292,81.78234688142305,282.33447999036304,95.95400333896185,8,4,4,487.2963502786981,13.164917548683428,0.053967367894491934
episode_0409_seg03,409,3,sharp_right_turn,hard,sharp_right_turn|right_turn|multi_turn,1012,85.62827686716794,262.36421982501224,-103.4692120048382,0.0,72.95374499720117,3,0,3,306.3990417931782,12.289264108980849,0.07957841775205558
episode_0411_seg03,411,3,winding,hard,winding|left_turn|right_turn|multi_turn,968,88.62487011256763,584.1384399150027,-36.178153237889646,97.73118155514788,182.21674363698753,6,3,3,659.113451081005,16.910638895684315,0.060877779720174524
episode_0412_seg01,412,1,complex_urban,very_hard,complex_urban|left_turn|right_turn|multi_turn|high_curvature,647,55.88793441736757,647.9754327676839,306.808401041951,311.22105913139086,112.00893030703583,5,3,2,1159.4191832688684,7.574372836830105,0.1100600968306296
episode_0412_seg03,412,3,sharp_right_turn,hard,sharp_right_turn|right_turn,527,44.677745049941414,111.77836265821006,-46.399568936176735,0.0,48.03780559136973,1,0,1,250.188013144492,14.335707171242463,0.13645961841580165
episode_0413_seg00,413,0,straight,easy,straight|left_turn,618,50.31347479365183,128.0713208709379,14.904790034560932,31.693395088187913,0.0,1,1,0,254.54676186884427,6.788837826970669,0.11530334789283218
episode_0417_seg01,417,1,sharp_right_turn,hard,sharp_right_turn|right_turn|short,280,29.98404254171394,104.64433392965546,-95.88471991027038,0.0,100.26452691996292,1,0,1,349.0000849087436,23.67153643551713,0.2722280740016971
episode_0418_seg00,418,0,intersection,hard,intersection|left_turn|right_turn|multi_turn|short,399,32.299777303791785,130.06766548081973,-39.238735491308745,38.81947794531487,69.81705779615334,2,1,1,402.68904722618817,9.862643873024151,0.11679967350439208
episode_0421_seg02,421,2,intersection,hard,intersection|left_turn|right_turn|multi_turn|high_curvature,606,50.30420540863054,904.9242057256697,198.31236406070616,324.35882531317554,321.4331760680288,3,2,1,1798.9036868285662,13.165870155968616,0.10487740586614056
episode_0422_seg00,422,0,complex_urban,very_hard,complex_urban|left_turn|right_turn|multi_turn|high_curvature|long,1677,170.62947991237291,1606.449502249462,175.74579667276248,331.0156519755583,332.8510089244388,9,4,5,941.4841462767496,16.515619018480113,0.06513158905220119
episode_0426_seg03,426,3,complex_urban,very_hard,complex_urban|left_turn|right_turn|multi_turn|high_curvature,1641,140.78561224871385,2033.4409437336392,332.79461359003824,345.5226438929842,351.7512864240975,13,7,6,1444.3528079711255,13.142902651963986,0.04474249305978821
episode_0442_seg00,442,0,winding,hard,winding|left_turn|right_turn|multi_turn,1014,95.69471645415115,726.9930064968772,-157.9099720541414,108.27255160247796,151.18538314379194,8,3,5,759.7002566439403,14.868244646866735,0.0404458601496678
episode_0443_seg02,443,2,complex_urban,very_hard,complex_urban|left_turn|right_turn|multi_turn|high_curvature|long,2774,248.25814141252232,2430.745771028638,180.26193828840067,338.05786196991176,324.75764612825697,10,4,6,979.1202645755526,12.269911133700772,0.04844309721790726
episode_0454_seg02,454,2,intersection,hard,intersection|left_turn|right_turn|multi_turn,1252,111.48847122600196,448.8973267775658,28.994544121171373,121.62025335484654,133.9677012343833,3,2,1,402.6401311644064,9.095725069031364,0.12280429866810799
episode_0454_seg03,454,3,complex_urban,very_hard,complex_urban|left_turn|right_turn|multi_turn|high_curvature,1121,98.04604233316022,1270.9171233016007,236.8070787668313,334.6582733792825,346.280843817814,9,5,4,1296.2452058829947,12.468714899114966,0.11798688971019332
episode_0454_seg07,454,7,winding,hard,winding|left_turn|right_turn|multi_turn,682,74.52614652688884,390.4762780695862,-13.31489416432683,113.52936454301283,66.24015751006493,6,2,4,523.9453484002469,19.181963069307383,0.13868362491673292
episode_0454_seg09,454,9,winding,hard,winding|left_turn|right_turn|multi_turn,866,68.76308109111181,297.30771555898525,-62.249243216976566,46.24353218384124,69.7810477379613,4,1,3,432.36531993825196,15.160548176556661,0.23299555960728685
episode_0454_seg10,454,10,intersection,hard,intersection|left_turn|right_turn|multi_turn|short,350,37.36741075797035,154.61201472541438,-4.218349618225147,42.245413529036796,65.65281009871745,2,1,1,413.76164842364983,13.159329788178061,0.09373726945883308
episode_0454_seg11,454,11,winding,hard,winding|left_turn|right_turn|multi_turn,674,59.10304822885405,255.24446736649594,-35.900191293897024,37.862260025510494,39.122446544960155,5,2,3,431.8634571573346,12.771675103558529,0.18587803896956104
episode_0455_seg00,455,0,intersection,hard,intersection|left_turn|right_turn|multi_turn,506,46.70153380871787,154.50151452973947,-47.814222055550516,35.509698553906105,97.95599144841373,2,1,1,330.8274952222198,16.778326836115486,0.14154945077957737
episode_0470_seg03,470,3,complex_urban,very_hard,complex_urban|left_turn|right_turn|multi_turn|high_curvature|long,2335,210.55520129231036,2543.7966553509973,-177.21040657924613,324.363777086144,339.93412792985754,18,9,9,1208.13764739038,12.315021281485286,0.029467342454876234
episode_0471_seg00,471,0,intersection,hard,intersection|left_turn|right_turn|multi_turn,818,71.0026702213314,506.2805771772098,196.29344642529108,299.04916553177753,86.48985607920653,3,1,2,713.0444187507577,13.680293556716961,0.12043334021155422
episode_0471_seg01,471,1,intersection,hard,intersection|left_turn|right_turn|multi_turn,1011,89.08326138683154,290.086873409233,2.7784238657712876,32.084004257281094,33.18492375299462,3,1,2,325.635668130258,10.235857607242599,0.11220107855997197
episode_0472_seg00,472,0,winding,hard,winding|left_turn|right_turn|multi_turn,1392,126.05349213362916,881.8984440441616,-259.63399756423644,208.77274282692815,210.2632923536193,7,2,5,699.6223818291857,15.655485869598735,0.06561241991798442
episode_0474_seg21,474,21,intersection,hard,intersection|left_turn|right_turn|multi_turn,711,70.04708134116758,529.4571650489798,130.17619484139033,287.54822489068084,107.04321342981353,3,1,2,755.8589949954288,32.10073325318664,0.15810701053852308
episode_0474_seg22,474,22,complex_urban,very_hard,complex_urban|left_turn|right_turn|multi_turn|high_curvature,1345,112.17217858252793,1010.7309327574394,-56.42252887682014,223.42044348973528,218.1564154474623,7,3,4,901.0531359287266,18.453518825819106,0.15461012800321108
episode_0474_seg26,474,26,intersection,hard,intersection|left_turn|right_turn|multi_turn,698,62.97534557501778,235.3154142172304,-136.80880767189296,31.119215879924326,111.3818380518679,3,1,2,373.6627597174785,20.601962839766756,0.07157953443949994
episode_0474_seg27,474,27,intersection,hard,intersection|left_turn|right_turn|multi_turn|short,324,30.583296075008654,145.43124542133572,23.666022617808977,47.14156868910186,50.56777969323207,3,2,1,475.5250875008722,27.18925690456783,0.09949469583536287
episode_0474_seg28,474,28,curve_right,medium,curve_right|right_turn,635,47.80297385109305,120.03214544081976,-35.846371024672806,0.0,40.444543888569626,1,0,1,251.09765307639984,21.625186689416456,0.18929029274669726
episode_0476_seg04,476,4,intersection,hard,intersection|left_turn|right_turn|multi_turn,1189,97.0986994826058,609.4613004974892,-180.98709667765002,90.69615789357084,323.11005033642414,3,2,1,627.6719500312852,17.94246283504239,0.05213719585619554
episode_0480_seg00,480,0,complex_urban,very_hard,complex_urban|left_turn|right_turn|multi_turn|high_curvature,782,64.50145608942293,916.1572201416229,-311.71413351764204,125.74116225053595,341.6465913357218,6,3,3,1420.366726096058,8.346705013122563,0.16133823536016773
episode_0480_seg01,480,1,intersection,hard,intersection|left_turn|right_turn|multi_turn|high_curvature,515,44.50258515626213,738.6746017492917,-56.55621593401267,318.65522246833814,307.248446473705,3,1,2,1659.8464991541057,13.07992055284738,0.1568659762953144
episode_0480_seg03,480,3,sharp_right_turn,hard,sharp_right_turn|right_turn|multi_turn,1325,110.18665837237577,280.38930106831907,-57.06473159942337,0.0,59.91970875578906,2,0,2,254.46756005681155,9.491150331835135,0.13060405494165414
episode_0480_seg04,480,4,intersection,hard,intersection|left_turn|right_turn|multi_turn,481,41.449049085812945,172.10535645901285,-7.105229738741912,51.91684500304882,44.731037880872236,3,2,1,415.2214833751652,18.261038889813,0.14220566627602296
episode_0480_seg08,480,8,intersection,hard,intersection|left_turn|right_turn|multi_turn|short,489,38.844255197477544,74.70977778807432,-14.594868377271695,30.057454705401312,44.65232308267301,2,1,1,192.33160066594814,10.461625906543775,0.16687217642650684
episode_0481_seg00,481,0,winding,hard,winding|left_turn|right_turn|multi_turn,498,44.175648533613256,350.88335288539076,-35.02085101142944,106.52829347414695,108.10238662867971,4,2,2,794.2913449666813,10.976726008907773,0.14776890723002667
episode_0482_seg02,482,2,complex_urban,very_hard,complex_urban|left_turn|right_turn|multi_turn|high_curvature|long,2304,185.13008178952708,1799.8117904406406,-151.33816728461332,330.1757405493818,335.47475370927503,9,4,5,972.1876493777129,10.671775121427713,0.03891638085416549
episode_0484_seg00,484,0,winding,hard,winding|left_turn|right_turn|multi_turn,1649,135.6188979047654,402.56656084881354,-80.93871240891974,41.56761260424855,83.15269829818146,5,1,4,296.8366260663058,13.175164719961598,0.08652602680087135
episode_0485_seg03,485,3,winding,hard,winding|left_turn|right_turn|multi_turn|long,2422,206.74102442479034,927.23963592176,219.99417614349042,335.97448448271416,92.74840815332982,7,4,3,448.5029705650305,11.692126670353359,0.05741126875818743
episode_0485_seg05,485,5,intersection,hard,intersection|left_turn|right_turn|multi_turn|high_curvature|short,429,37.823304346153,347.400318208432,117.75111723028138,204.2520817771811,90.63052770250553,2,1,1,918.4822008914882,10.038643808885372,0.0849513595528526
episode_0485_seg07,485,7,straight,easy,straight|short,334,27.23584835715184,54.08002537914598,-9.273838262001846,0.0,0.0,0,0,0,198.5619271703176,9.495654823689003,0.1361813468942311
episode_0486_seg00,486,0,straight,easy,straight,1101,90.17738044341021,204.9001794616027,19.554052607305152,0.0,0.0,0,0,0,227.21904146482217,10.233945635035123,0.13209136638798882
episode_0486_seg02,486,2,intersection,hard,intersection|left_turn|right_turn|multi_turn,852,73.91732779664198,228.37638019566398,-77.81385191012501,42.43414665568329,54.6552596104938,3,1,2,308.961899737451,18.360665770997905,0.09227664125943882
episode_0486_seg03,486,3,winding,hard,winding|left_turn|right_turn|multi_turn,1037,84.9463103362668,319.70175306928013,-94.9859278141148,32.11989545852248,60.876122097407574,5,2,3,376.35743307003565,12.578326868490116,0.1585839902922638
episode_0491_seg00,491,0,complex_urban,very_hard,complex_urban|left_turn|right_turn|multi_turn|high_curvature,937,59.76020120366787,643.1490455736675,31.286404887489056,130.5954389637699,125.89898230192806,6,3,3,1076.216332307451,11.944472204131953,0.11837592462214921
episode_0494_seg01,494,1,intersection,hard,intersection|left_turn|right_turn|multi_turn,1125,82.41305635641838,305.252235746573,-1.8460521121378406,71.21597696111658,42.39789283303773,3,1,2,370.3930532880907,21.786940751801737,0.08189621668735188
episode_0495_seg00,495,0,straight,easy,straight|short,471,35.81892508747693,71.08545387608592,-12.120593844976327,0.0,0.0,0,0,0,198.4578088328478,23.200500806421317,0.25050502513490663
episode_0499_seg05,499,5,straight,easy,straight|short,523,34.143597646855966,78.09806754265614,5.405250503158442,0.0,0.0,0,0,0,228.73414907947645,10.83580654335307,0.11075280971022537
episode_0500_seg01,500,1,intersection,hard,intersection|left_turn|right_turn|multi_turn,630,44.877663131882116,186.8014782706481,5.959774104899168,34.60240841272562,49.603511065666964,2,1,1,416.24600131627636,26.613014572482154,0.09088764657924774
episode_0534_seg08,534,8,intersection,hard,intersection|left_turn|right_turn|multi_turn,732,56.80789305325675,135.171420941357,0.5151197244270236,39.16528376426439,50.59978436903299,2,1,1,237.94478843747183,8.356425501280375,0.1646327143077966
episode_0539_seg13,539,13,intersection,hard,intersection|left_turn|right_turn|multi_turn,659,53.21688499958804,139.82515150091504,21.07957538608136,36.66115092041076,33.30401277465947,2,1,1,262.745839975409,9.206803899515464,0.12183968124040567
episode_0539_seg14,539,14,winding,hard,winding|left_turn|right_turn|multi_turn,1328,102.88922934944046,388.8910910600132,97.9761365829618,58.31597075626382,54.76766428087822,5,3,2,377.9706520487493,23.88977244217822,0.11441815690385476
episode_0540_seg03,540,3,complex_urban,very_hard,complex_urban|left_turn|right_turn|multi_turn|high_curvature,974,73.27796027377346,1677.2134524643545,-5.9817144108180145,338.06491976464537,348.6083425417393,8,4,4,2288.8375252233072,12.079559525952757,0.14176370453661594
episode_0540_seg08,540,8,straight,easy,straight,519,41.28926498883655,63.10365826481288,7.677367505931471,0.0,0.0,0,0,0,152.83308695825494,15.157065553542626,0.07282291842138737
episode_0540_seg09,540,9,intersection,hard,intersection|left_turn|right_turn|multi_turn|short,480,34.951704999504656,124.08907090355072,38.584035429794625,54.32740368416171,30.347516545697317,2,1,1,355.03009339690107,17.805992791118218,0.12728925932563034
episode_0542_seg03,542,3,straight,easy,straight,609,41.387521467585856,67.26130638745738,15.566108354255192,0.0,0.0,0,0,0,162.51590818294235,11.998686099263288,0.07077160333187082
episode_0545_seg06,545,6,complex_urban,very_hard,complex_urban|left_turn|right_turn|multi_turn|high_curvature,775,56.83397401314463,480.28006622301393,-259.3291619020198,57.0894866532565,238.49256102152435,4,2,2,845.0580388975336,19.506216384651722,0.08809979118888493
episode_0547_seg01,547,1,sharp_left_turn,hard,sharp_left_turn|left_turn|short,373,27.83334219561403,97.6628712047648,67.42963346277728,75.63723571512708,0.0,1,1,0,350.8844554792794,10.36427502613407,0.06258369896584104
episode_0548_seg04,548,4,straight,easy,straight,779,58.32716415749783,132.08827451129045,19.429396326714283,0.0,0.0,0,0,0,226.4609919224245,9.375869102060806,0.1268910413471469
episode_0554_seg01,554,1,straight,easy,straight,725,50.75026009113536,99.80566294006931,30.655960781359994,0.0,0.0,0,0,0,196.660396933616,13.779803737408642,0.15605270975795368
episode_0554_seg03,554,3,complex_urban,very_hard,complex_urban|left_turn|right_turn|multi_turn|high_curvature,631,48.39070623663819,944.6658620997636,161.13318205358914,301.03581562505997,264.9528968827525,5,2,3,1952.163825591217,17.684617793883056,0.15435534256529423
episode_0577_seg09,577,9,sharp_left_turn,hard,sharp_left_turn|left_turn|high_curvature|short,528,31.582027044558032,392.9797349977024,327.68904877533237,330.51460207645084,0.0,1,1,0,1244.314478115228,7.970994713732846,0.1588725969164918
episode_0580_seg02,580,2,intersection,hard,intersection|left_turn|right_turn|multi_turn|short,543,33.22411033627787,114.08225517326386,-15.437145232048096,43.68512564214757,40.99425104202615,2,1,1,343.37188872352095,12.132212599266516,0.1763277019341703
episode_0580_seg07,580,7,curve_left,medium,curve_left,693,52.536992250884325,144.15634045227995,30.649967034587632,0.0,0.0,0,0,0,274.3901663876722,10.117108844584097,0.10460264486168429
episode_0580_seg14,580,14,intersection,hard,intersection|left_turn|right_turn|multi_turn|short,567,37.382952617994505,140.78016212559058,-65.5646772235855,37.60774245100254,54.032588057464096,3,1,2,376.58919979965737,17.970478392390227,0.15044336560245308
episode_0583_seg03,583,3,intersection,hard,intersection|left_turn|right_turn|multi_turn,575,46.19740023052036,154.92387175742988,-65.72482996269241,33.0962079582832,59.024342503737785,3,1,2,335.3519266979861,8.645885484823621,0.11487484417284526
episode_0589_seg14,589,14,straight,easy,straight|left_turn,593,51.03467619414684,87.27387466817518,17.291477459483104,36.121990295007976,0.0,1,1,0,171.00897110851975,5.999357910402375,0.08516051990154078
episode_0590_seg01,590,1,straight,easy,straight,712,65.04076162128516,93.40706081946351,36.38121539450074,0.0,0.0,0,0,0,143.6131104419528,9.429130949347472,0.08125279151750124
episode_0590_seg03,590,3,straight,easy,straight|left_turn|short,432,34.143185110595546,69.92237759786352,31.27217100367622,37.072114467988,0.0,1,1,0,204.79160737749896,15.007441611259246,0.20085143823551094
episode_0591_seg01,591,1,sharp_left_turn,hard,sharp_left_turn|left_turn|multi_turn,687,44.7105585566023,165.35225057868672,102.10836423330494,75.41316566629678,0.0,2,2,0,369.82819252717553,21.49456709576895,0.21755278375291734
episode_0591_seg03,591,3,complex_urban,very_hard,complex_urban|left_turn|right_turn|multi_turn|high_curvature,1182,80.24050037738661,816.7089232418505,-289.5334238123031,129.3895392962497,118.65454369542476,9,3,6,1017.826308909728,14.81620278589513,0.08971429847131256
episode_0593_seg01,593,1,intersection,hard,intersection|left_turn|right_turn|multi_turn|short,492,30.296690271883364,119.6980851821452,11.559395171544196,47.49670838060601,30.00092702369895,2,1,1,395.08634147153094,13.12416379669036,0.19485051377746468
episode_0593_seg03,593,3,winding,hard,winding|left_turn|right_turn|multi_turn,1249,75.17767492906188,266.20931770764884,-97.44208226014229,33.96173834424323,100.56893472437176,4,1,3,354.1068780842791,14.189835483039431,0.11240915681959146
episode_0601_seg15,601,15,intersection,hard,intersection|left_turn|right_turn|multi_turn|short,416,36.289169170428906,243.36512091129117,-50.2171600216069,70.61338815777125,68.53391051213404,3,1,2,670.6274254126573,15.67773520381139,0.21999980834849214
episode_0603_seg01,603,1,straight,easy,straight|right_turn|short,500,36.95197043287962,74.90792005546555,10.74721380102315,0.0,32.0803531272212,1,0,1,202.71698417687892,9.659004178384354,0.17389146474694864
episode_0654_seg02,654,2,winding,hard,winding|left_turn|right_turn|multi_turn|long,2249,209.95874753415893,1179.4390513734315,-213.5402254752151,126.15885210758137,117.99846969161129,10,3,7,561.747993463118,10.112077970847102,0.05914643812464128
episode_0654_seg03,654,3,sharp_right_turn,hard,sharp_right_turn|right_turn|multi_turn,1524,140.2883835961701,441.43638749709754,-133.0634755157524,0.0,105.59663097677702,3,0,3,314.6635353414599,7.413407336956704,0.09131159677811361
episode_0655_seg02,655,2,sharp_left_turn,hard,sharp_left_turn|left_turn,570,50.244745649467234,162.99221092852227,49.94946646978488,74.25443187026718,0.0,1,1,0,324.3965290731859,11.855104008286263,0.13718445508576418
episode_0655_seg04,655,4,complex_urban,very_hard,complex_urban|left_turn|right_turn|multi_turn|high_curvature,673,62.54278847918145,946.9304381379894,-259.58375689392994,224.092171733211,318.050348884096,4,2,2,1514.0521571934596,12.294521929463013,0.0712972029603106
episode_0655_seg05,655,5,intersection,hard,intersection|left_turn|right_turn|multi_turn,684,63.65118487039436,475.6571978706438,327.66021256954923,339.4111592820993,43.87233230311617,3,2,1,747.2872639200201,14.058180552181833,0.0941377399430706
episode_0656_seg00,656,0,intersection,hard,intersection|left_turn|right_turn|multi_turn,603,54.79370917799709,414.27570399244917,257.74596108158505,293.6322993048531,64.43271941362093,3,2,1,756.0643552103338,10.11745959062086,0.08286576884938571
episode_0656_seg02,656,2,curve_right,medium,curve_right,933,85.27384840140546,154.30053316769815,-30.152841584841127,0.0,0.0,0,0,0,180.94707352876432,9.989502760988625,0.07518866360233128
episode_0657_seg02,657,2,winding,hard,winding|left_turn|right_turn|multi_turn,1132,103.91543390172016,366.04285938229066,-111.44211631498231,36.902515469250034,114.90132048460404,4,2,2,352.2507154504903,11.626246408571383,0.09480170152648418
episode_0658_seg01,658,1,winding,hard,winding|left_turn|right_turn|multi_turn|long,2062,180.66928512757565,781.7696590816821,-174.46679590427348,121.2122233832323,117.83659688660526,9,4,5,432.7075620682578,10.238350275030028,0.04786751339785817
episode_0658_seg02,658,2,winding,hard,winding|left_turn|right_turn|multi_turn,1108,101.87875509149637,608.7024020499823,185.7452846183269,320.7077255379864,85.91208079531702,5,2,3,597.4772674669142,11.942421828284646,0.08250871793685409
episode_0660_seg01,660,1,sharp_right_turn,hard,sharp_right_turn|right_turn|short,333,29.69355340473254,98.48879143983518,-77.49968134165474,0.0,83.02094194587715,1,0,1,331.6840867692787,17.744605105288933,0.17926773320054143
episode_0660_seg02,660,2,winding,hard,winding|left_turn|right_turn|multi_turn,937,81.83243455942842,596.9178588313229,207.96460806266387,231.49752648675886,128.0227019075306,5,3,2,729.4392034711233,10.566405691297405,0.1412442026937262
episode_0660_seg03,660,3,sharp_right_turn,hard,sharp_right_turn|right_turn|short,331,29.632108082086724,107.63256254687681,-58.357129156189814,0.0,47.61371534483885,1,0,1,363.22951525660477,20.62241179433257,0.2094786128893805
episode_0660_seg04,660,4,winding,hard,winding|left_turn|right_turn|multi_turn|long,1778,164.69634813287783,528.145281613632,-71.02238138593503,39.16831186591338,108.94528192628457,8,4,4,320.6781981513772,14.132100635286427,0.10916305198623984
episode_0660_seg05,660,5,sharp_right_turn,hard,sharp_right_turn|right_turn|multi_turn,866,75.9659148463379,226.50141722254725,-93.6724828195619,0.0,76.85499019931507,2,0,2,298.16190284907265,9.626391860216712,0.1418111817857881
episode_0660_seg06,660,6,winding,hard,winding|left_turn|right_turn|multi_turn,1596,147.761790309362,467.0116719964231,-94.91398011146273,35.0406435738696,84.00459563630358,6,3,3,316.0571288549377,9.604923429076146,0.07713741425434655
episode_0661_seg01,661,1,winding,hard,winding|left_turn|right_turn|multi_turn,1551,141.46843217146056,1043.6455277839227,-210.19125588247738,227.62886119153004,285.3720412542948,5,3,2,737.7232586553432,11.558489903136998,0.0458254824643853
episode_0661_seg02,661,2,complex_urban,very_hard,complex_urban|left_turn|right_turn|multi_turn|high_curvature,801,66.264591591508,766.9591198288388,9.390628011439645,222.38994136369905,226.78127889887023,4,2,2,1157.4192210476506,7.474159050388348,0.13544810486739586
episode_0662_seg00,662,0,complex_urban,very_hard,complex_urban|left_turn|right_turn|multi_turn|high_curvature,1303,125.95176575441192,1135.8731950831996,176.1225574319863,280.90053048109297,211.50360879521872,9,4,5,901.8318943602515,13.919107096628705,0.06635705496334675
episode_0662_seg01,662,1,straight,easy,straight|left_turn,503,43.248494974175216,105.7087724391157,14.895480517269505,40.14003851801672,0.0,1,1,0,244.42185214129907,11.433026242950707,0.14492066307928284
episode_0662_seg02,662,2,intersection,hard,intersection|left_turn|right_turn|multi_turn,506,47.16727919935505,184.83855194819944,-95.41346072995452,30.843852727680343,105.60070992294274,3,1,2,391.8787665639337,11.828806791996156,0.09163259805889935
episode_0662_seg04,662,4,sharp_right_turn,hard,sharp_right_turn|right_turn|multi_turn,891,89.53137320165729,209.75188682306415,-80.15561558462653,0.0,81.08812298757931,2,0,2,234.27752677335403,10.188788844479141,0.06815557913840575
episode_0669_seg03,669,3,sharp_right_turn,hard,sharp_right_turn|right_turn|multi_turn,1211,108.14986173683656,349.30905743091574,-187.13180443112188,0.0,110.1769984066502,2,0,2,322.9861340746761,9.23433433056363,0.04724208288116877
episode_0669_seg04,669,4,complex_urban,very_hard,complex_urban|left_turn|right_turn|multi_turn|high_curvature,903,76.6316430307453,784.4168461149764,-32.70598963424331,219.2797870358732,128.58786505622845,5,2,3,1023.6200283481608,10.219007422110606,0.1324843456958288
episode_0669_seg05,669,5,winding,hard,winding|left_turn|right_turn|multi_turn,881,82.82640951799524,610.7537287191365,210.62186949231113,310.41538872663637,106.44200570693164,5,3,2,737.3900815855616,9.074695961402794,0.02641763948371801
episode_0669_seg06,669,6,curve_right,medium,curve_right,626,51.867248640187334,142.8883142636498,-26.67915973606509,0.0,0.0,0,0,0,275.4885173395111,7.519657921706241,0.1491262494493241
episode_0683_seg03,683,3,complex_urban,very_hard,complex_urban|left_turn|right_turn|multi_turn|high_curvature,1659,138.84908178439497,3371.634812519595,180.23891660200894,345.9910047906375,352.898970480139,14,7,7,2428.2730351469477,11.587502754920042,0.07251389739336014
episode_0683_seg04,683,4,winding,hard,winding|left_turn|right_turn|multi_turn|long,1738,150.49980212717475,716.2598059562589,-219.59474884908087,72.330269385648,308.95310472135066,6,3,3,475.9207625741646,11.83245332424849,0.07294038150477324
episode_0685_seg00,685,0,sharp_right_turn,hard,sharp_right_turn|right_turn,804,67.40481908149293,196.35145692711512,-88.4313174327329,0.0,81.84793290199298,1,0,1,291.30180839106583,6.039690668322284,0.09721609556273271
episode_0686_seg00,686,0,intersection,hard,intersection|left_turn|right_turn|multi_turn,1411,118.69896224800064,346.901803530168,78.13162281465026,119.03680794056024,97.61771694208088,3,2,1,292.2534426251997,9.75054533103105,0.059577318644100305
episode_0686_seg03,686,3,straight,easy,straight,739,62.600711478929526,113.35117709055737,2.256258758337083,0.0,0.0,0,0,0,181.07010992791942,4.801429702759961,0.07696034144413899
episode_0689_seg00,689,0,complex_urban,very_hard,complex_urban|left_turn|right_turn|multi_turn|high_curvature|long,2271,201.42061674527838,3393.2909095175787,315.5303704736182,349.80583045904405,339.15024471810926,18,9,9,1684.6790384962533,11.797811303730889,0.07078827409690046
episode_0689_seg01,689,1,straight,easy,straight,617,52.60044896193059,93.73701164047733,-3.415815418665858,0.0,0.0,0,0,0,178.20572540800782,5.9808065968384865,0.10585968378957838
episode_0689_seg02,689,2,sharp_right_turn,hard,sharp_right_turn|right_turn|high_curvature|short,325,27.10902652588598,355.8825984987249,-288.23050593934516,0.0,300.05141496799297,1,0,1,1312.7826562082496,10.84228925042754,0.13721278022183012
episode_0689_seg04,689,4,straight,easy,straight|short,417,35.82088667405178,34.98112358530466,-8.125150078341278,0.0,0.0,0,0,0,97.65566079815821,17.604055574332925,0.13117446069848399
episode_0689_seg05,689,5,intersection,hard,intersection|left_turn|right_turn|multi_turn,561,50.68132794329847,132.76648812629668,27.70389217036086,34.34086440526028,32.83123823208899,2,1,1,261.96331768345516,9.17588866348016,0.1273978531008153
episode_0691_seg00,691,0,intersection,hard,intersection|left_turn|right_turn|multi_turn|short,469,37.882974926057244,149.96462012926068,-25.096873216402884,36.50414162170449,78.65674773532376,2,1,1,395.8628392357585,16.608042277472777,0.16755722921964003
episode_0699_seg01,699,1,complex_urban,very_hard,complex_urban|left_turn|right_turn|multi_turn|high_curvature|long,2434,205.78578850215666,3719.7882694454916,182.62657661128935,343.7833436080318,347.16075865724633,22,10,12,1807.6021169977475,9.015107756127124,0.07039645428604964
episode_0700_seg01,700,1,intersection,hard,intersection|left_turn|right_turn|multi_turn,842,70.82178434279982,186.63597974789846,55.77780136174428,70.70332866557453,31.367266031860595,3,2,1,263.5290560380706,18.403571886083565,0.07806603494593939
episode_0701_seg00,701,0,complex_urban,very_hard,complex_urban|left_turn|right_turn|multi_turn|high_curvature|long,2354,205.77524073453864,1992.0417213541994,-258.18729735759354,224.33158960846083,317.5173783984237,14,5,9,968.0667675291618,21.51701530062859,0.09105186117539357
episode_0701_seg02,701,2,complex_urban,very_hard,complex_urban|left_turn|right_turn|multi_turn|high_curvature|long,2430,209.77195999908366,2099.101912427583,130.0122981361136,328.44011724510165,228.23269136154312,14,7,7,1000.6589595848523,15.100191239219614,0.0457017612826955
episode_0702_seg01,702,1,intersection,hard,intersection|left_turn|right_turn|multi_turn,593,51.81892093185147,123.62579459940699,-4.6723730758185695,41.12520222532896,31.97349908924801,2,1,1,238.57269193619598,8.58243350984873,0.07978887294435406
episode_0709_seg01,709,1,complex_urban,very_hard,complex_urban|left_turn|right_turn|multi_turn|high_curvature,761,62.04727957740401,782.140485884117,-17.793037556785876,236.78039019270432,223.1738540426927,4,2,2,1260.5556459705801,12.572288619383173,0.1643560956667928
episode_0709_seg02,709,2,complex_urban,very_hard,complex_urban|left_turn|right_turn|multi_turn|high_curvature,831,73.40131178794135,2535.2569194039015,-208.5068986695361,346.7202100685473,345.5626785870865,11,5,6,3453.966772049438,10.51598546215966,0.13269505294964706
episode_0709_seg03,709,3,winding,hard,winding|left_turn|right_turn|multi_turn,1131,85.14151506297915,578.2068007994563,-126.00958582042452,68.14373593045917,244.4030654128556,6,4,2,679.1126518852254,16.89643156426246,0.09504295732293647
episode_0709_seg04,709,4,intersection,hard,intersection|left_turn|right_turn|multi_turn,698,61.228045691768145,207.3987612961578,-13.582357467567448,61.28587801445221,68.01774597143802,3,1,2,338.7316367081788,9.449917872520007,0.13990133505955035
episode_0710_seg01,710,1,complex_urban,very_hard,complex_urban|left_turn|right_turn|multi_turn|high_curvature,1054,84.47499522712454,2126.3860613048546,7.390706349923619,351.46040267786304,355.5477757030071,8,4,4,2517.178078066445,8.424326112185696,0.09877125815208375
episode_0711_seg01,711,1,intersection,hard,intersection|left_turn|right_turn|multi_turn|high_curvature,496,42.91563097479386,979.9170736814069,267.7815082938671,350.5298478717112,331.97678706252896,3,2,1,2283.3570226590705,12.996593194415357,0.13684857715449741
episode_0711_seg02,711,2,sharp_right_turn,hard,sharp_right_turn|right_turn|short,401,33.721363842638794,96.40904273339135,-59.29412876760762,0.0,59.98806858939906,1,0,1,285.8990021378894,16.30332546088622,0.08299292307266107
episode_0711_seg03,711,3,winding,hard,winding|left_turn|right_turn|multi_turn,1017,76.34329989293508,233.0843621639446,-13.298452402587088,35.030204789294174,35.8333633566055,5,2,3,305.3108294910299,10.603339513500112,0.14655582836509617
episode_0712_seg01,712,1,intersection,hard,intersection|left_turn|right_turn|multi_turn,477,44.93749925604118,102.79909435807446,-31.443945071988253,30.05822758789151,44.46070144908887,2,1,1,228.76015813063884,9.540700591190685,0.09440608292404487
episode_0714_seg00,714,0,complex_urban,very_hard,complex_urban|left_turn|right_turn|multi_turn|high_curvature,1382,114.9331415196902,2287.936375731859,-118.77688968571152,346.87522728010845,354.7194472798447,10,5,5,1990.6672222475468,6.796404812528781,0.12919357347360766
episode_0714_seg02,714,2,winding,hard,winding|left_turn|right_turn|multi_turn,1235,107.96261106818378,264.035094735621,-27.314208934836643,44.155980862263846,33.1938361587774,4,2,2,244.56160528469405,7.021436174941648,0.09763119643204111
episode_0715_seg01,715,1,complex_urban,very_hard,complex_urban|left_turn|right_turn|multi_turn|high_curvature,1267,105.66948696657727,2368.6326532668572,7.951721405543651,237.8188383255405,238.5775542923887,12,6,6,2241.5483610855836,6.064843100299452,0.09923451352903694
episode_0715_seg04,715,4,straight,easy,straight,1191,97.78604292286468,144.11903737261505,1.028173666508195,0.0,0.0,0,0,0,147.382011854492,5.886142627784905,0.11690272564772544
episode_0720_seg00,720,0,complex_urban,very_hard,complex_urban|left_turn|right_turn|multi_turn|high_curvature|long,4409,377.45964985244063,3651.749429967428,132.96761219496392,346.9757773644173,347.0520171701089,18,7,11,967.4542514398553,7.317699715746795,0.03516337518256168
episode_0720_seg01,720,1,complex_urban,very_hard,complex_urban|left_turn|right_turn|multi_turn|high_curvature|long,2024,173.8884967292247,2243.7138811470354,-18.30496871358011,328.64975826073726,341.2401678715115,11,6,5,1290.3176019980763,10.019734023635742,0.0887202204292316
episode_0720_seg04,720,4,winding,hard,winding|left_turn|right_turn|multi_turn|long,2092,171.55386475145343,1040.8932577035418,193.0985828663527,223.72278546218854,216.9409882752353,6,4,2,606.7442777879612,8.551734821817789,0.03626202070231743
episode_0723_seg03,723,3,complex_urban,very_hard,complex_urban|left_turn|right_turn|multi_turn|high_curvature,1216,102.31778421257697,2255.8506385677088,335.73418590150106,350.6439523453546,348.4747464869513,11,5,6,2204.7493071985605,10.156823476422414,0.05324054286543568
episode_0724_seg00,724,0,intersection,hard,intersection|left_turn|right_turn|multi_turn,900,75.36212040454119,459.59519891670925,244.94112794495499,313.10306825222995,55.19220891243893,2,1,1,609.8490812753391,9.158118850581584,0.06130375494752559
episode_0728_seg00,728,0,winding,hard,winding|left_turn|right_turn|multi_turn,680,56.109531119099685,270.0176254140514,33.030064037843175,55.88251009077837,36.34745692759378,4,2,2,481.2330811335855,14.383913753288951,0.17000895884329806
episode_0730_seg00,730,0,intersection,hard,intersection|left_turn|right_turn|multi_turn,844,70.99458484514321,244.45370327649906,-50.50834869868092,42.7432294245684,120.60986175007261,2,1,1,344.32725229637333,15.201414211712112,0.10414145784533582
episode_0732_seg01,732,1,winding,hard,winding|left_turn|right_turn|multi_turn,1287,100.62591018186694,790.9839560093687,-248.240046431212,112.84589304059693,341.72820942509384,5,3,2,786.0639020107031,8.72449593235848,0.08636281366179767
episode_0736_seg00,736,0,intersection,hard,intersection|left_turn|right_turn|multi_turn|high_curvature,500,41.83539190174674,564.3339384678134,-74.8612615506999,230.86637196759085,228.55923673426685,3,1,2,1348.9390509193506,10.258858193931207,0.13010447810841097
episode_0738_seg02,738,2,sharp_left_turn,hard,sharp_left_turn|left_turn|multi_turn,1123,94.2370773593745,306.41904361217104,188.76343567303067,101.99652257095346,0.0,2,2,0,325.15762606223177,11.267672995140313,0.07250998962691019
episode_0757_seg00,757,0,complex_urban,very_hard,complex_urban|left_turn|right_turn|multi_turn|high_curvature,1302,106.15387099170404,2378.4047012114943,-4.388049796110508,342.518001443586,347.32200032139997,12,6,6,2240.5256435701413,6.120394954595804,0.12412557247342787
episode_0757_seg01,757,1,sharp_left_turn,hard,sharp_left_turn|left_turn,1273,106.526429520542,302.7106456265166,56.747668354325526,77.14569464537138,0.0,1,1,0,284.16482838011905,6.8434877277508015,0.11663504347438589
episode_0763_seg00,763,0,complex_urban,very_hard,complex_urban|left_turn|right_turn|multi_turn|high_curvature,524,40.56387776442589,720.5780810717165,-3.351941652115954,228.69417947964862,237.21387004334304,4,2,2,1776.403344020665,5.589471136050197,0.09366452098177755
episode_0769_seg01,769,1,curve_left,medium,curve_left|left_turn|short,510,33.0951346337165,104.71023226371824,20.067415966161718,35.58023107375041,0.0,1,1,0,316.39161895731365,10.049542407045815,0.043471154570709485
episode_0812_seg01,812,1,intersection,hard,intersection|left_turn|right_turn|multi_turn|high_curvature|short,461,38.52509663497867,707.2420700917322,0.2675003939912699,343.2818759760605,344.77377969543727,2,1,1,1835.795706868118,7.78158687741549,0.09403691361962518
episode_0812_seg12,812,12,straight,easy,straight|short,343,26.278219333047147,40.21907831327741,-12.776340045066888,0.0,0.0,0,0,0,153.05100320362428,6.961867622582652,0.19877691116634755
episode_0813_seg01,813,1,straight,easy,straight|right_turn|short,548,37.889694067267826,46.45865954864141,-40.545576772698354,0.0,43.50211816066988,1,0,1,122.61555732321456,9.694034889247108,0.16087175479047786
episode_0818_seg04,818,4,intersection,hard,intersection|left_turn|right_turn|multi_turn|high_curvature|short,407,35.644892530440075,498.67036580213863,-11.783106551504048,235.51225266003826,127.40821688619239,3,1,2,1398.9952848820724,5.900701436361855,0.04039385209053864
episode_0820_seg00,820,0,complex_urban,very_hard,complex_urban|left_turn|right_turn|multi_turn|high_curvature,596,49.19192716506779,1175.7033499619592,-92.89490551001609,287.0234217363269,226.50393384829488,7,2,5,2390.0331166469336,9.030119705030144,0.08383055024482591
episode_0821_seg01,821,1,intersection,hard,intersection|left_turn|right_turn|multi_turn,868,69.81498643863524,188.48251225146487,25.002526335875643,62.594167214750286,38.4503050410523,2,1,1,269.97428756522635,19.731155739304434,0.1292332035562289
episode_0824_seg01,824,1,sharp_right_turn,hard,sharp_right_turn|right_turn|multi_turn|high_curvature,607,53.80707801113562,431.59912827701214,-298.938721622542,0.0,266.424089840409,2,0,2,802.1233343830539,14.909525281778324,0.10263407660696737
episode_0824_seg03,824,3,intersection,hard,intersection|left_turn|right_turn|multi_turn,1148,95.56445208429196,214.19938300553568,-26.047818454743066,34.912106136688635,32.59353136431497,2,1,1,224.14127673394978,16.38963276459043,0.07507126994808601
episode_0826_seg00,826,0,intersection,hard,intersection|left_turn|right_turn|multi_turn,1422,111.01638746576725,360.5698889944301,156.09573563791145,162.13255233251806,33.37478151165186,3,2,1,324.7897875488108,11.243711119226152,0.062085952817571524
episode_0828_seg02,828,2,winding,hard,winding|left_turn|right_turn|multi_turn,1022,88.72505597258674,378.23941919013726,-153.9244215501589,32.76783236540416,137.14869840498017,5,2,3,426.3050781359905,15.816535453834975,0.08822201516022894
episode_0828_seg03,828,3,intersection,hard,intersection|left_turn|right_turn|multi_turn,558,44.437470225461524,242.1465739722849,81.29854290915927,110.84469560417938,33.00971442813497,2,1,1,544.9152995067238,11.682554820949518,0.1770142631243547
episode_0828_seg05,828,5,complex_urban,very_hard,complex_urban|left_turn|right_turn|multi_turn|high_curvature,626,54.63306692046026,779.6955255724666,-23.25628864232995,223.8842717905697,233.12603861434698,5,2,3,1427.1494710476672,11.440372930678016,0.1704465653250309
episode_0829_seg04,829,4,straight,easy,straight|left_turn,514,43.33758430113685,110.9276132200298,-15.172804133730551,38.16435405955991,0.0,1,1,0,255.96169008691123,9.563949652035523,0.17881690805522132
episode_0829_seg06,829,6,straight,easy,straight|short,368,29.6957065297277,67.97406269863612,4.40868148153308,0.0,0.0,0,0,0,228.90198834161032,6.788520072150704,0.15822189848781776
episode_0831_seg00,831,0,complex_urban,very_hard,complex_urban|left_turn|right_turn|multi_turn|high_curvature,1364,116.36146905956203,1361.731635480796,2.233958519254628,338.0617370701161,320.3001478629512,6,3,3,1170.2599206475861,8.559728939378015,0.14949048450606853
episode_0831_seg01,831,1,sharp_right_turn,hard,sharp_right_turn|right_turn|multi_turn,1093,97.90232951673525,244.09382711070967,-53.46664617763335,0.0,72.61540837503523,2,0,2,249.32381927539805,11.84471402614365,0.15535262997827073
episode_0831_seg02,831,2,sharp_right_turn,hard,sharp_right_turn|right_turn|short,406,35.631329984257306,174.347479897041,-118.22359974078807,0.0,129.1440968071328,1,0,1,489.30949244406963,14.613271287592996,0.04571553773369731
episode_0832_seg00,832,0,curve_left,medium,curve_left|left_turn,1292,107.82359500772452,199.61623866956413,25.257121866858398,34.43341014219803,0.0,1,1,0,185.13224183933355,7.313463446734162,0.09684036367110926
episode_0834_seg02,834,2,intersection,hard,intersection|left_turn|right_turn|multi_turn,556,47.44010349383207,177.0787315810313,18.204366050461175,51.78456316652307,36.18077608805879,2,1,1,373.26801279861075,23.13658682544701,0.14242959160719812
episode_0834_seg03,834,3,straight,easy,straight|right_turn,476,41.85772444141375,81.45003360175102,11.425100637962117,0.0,33.85251307843694,1,0,1,194.58782026183178,29.352040032396772,0.1209754321486722
episode_0834_seg06,834,6,sharp_right_turn,hard,sharp_right_turn|right_turn|short,409,36.16771551808303,133.5268373547402,-86.27559875313963,0.0,91.25571738572921,1,0,1,369.1879219962893,9.453005832810009,0.07562489448571305
episode_0838_seg03,838,3,intersection,hard,intersection|left_turn|right_turn|multi_turn,484,41.66483192262565,115.22426584721418,49.99901081344396,67.5031158804349,32.42317314628039,2,1,1,276.5504156147642,15.615555167801976,0.21719682633158652
episode_0838_seg05,838,5,complex_urban,very_hard,complex_urban|left_turn|right_turn|multi_turn|high_curvature,573,43.01091962337845,697.3513491536376,-202.82371708339414,104.64035443074687,228.81819026868368,5,2,3,1621.3355939838927,17.207836904487564,0.13657623695807586
episode_0841_seg00,841,0,complex_urban,very_hard,complex_urban|left_turn|right_turn|multi_turn|high_curvature,1085,92.3165450488962,946.4210812554741,333.78980881018606,337.14098945367857,121.67064453374945,6,3,3,1025.1911840441976,9.850000673649276,0.07570299800068093
episode_0842_seg16,842,16,sharp_right_turn,hard,sharp_right_turn|right_turn|multi_turn|short,318,28.11529741054222,131.50449254416978,-105.44588742064755,0.0,51.11913011336708,2,0,2,467.73288798595587,28.178343474859016,0.24461818831045787
episode_0842_seg21,842,21,curve_right,medium,curve_right,1088,93.5911214290665,208.07206789996852,-25.517142431197243,0.0,0.0,0,0,0,222.3203063740059,16.054984114016268,0.09723082845205575
episode_0844_seg19,844,19,intersection,hard,intersection|left_turn|right_turn|multi_turn|high_curvature,797,78.32768628645731,636.8058398843084,-55.30237816714887,221.79971678759338,231.82238086117079,3,1,2,813.0022346828989,21.04108161170307,0.12913292984210925
episode_0869_seg02,869,2,complex_urban,very_hard,complex_urban|left_turn|right_turn|multi_turn|high_curvature,998,84.30613438427747,2008.3656585797235,-329.75951364726313,276.3124796139235,348.61228700087537,9,5,4,2382.229565200264,14.66738421736019,0.12272263285890499
episode_0869_seg03,869,3,intersection,hard,intersection|left_turn|right_turn|multi_turn|high_curvature|short,416,33.284846499930836,392.30810834224985,306.3257379219683,338.66094814079077,33.278887523309976,2,1,1,1178.6387788901627,16.389907117790624,0.152059982168739
episode_0870_seg00,870,0,winding,hard,winding|left_turn|right_turn|multi_turn|long,2558,203.6000548243589,869.6732167896458,241.0365320310677,338.2589219447642,96.60418057169252,5,3,2,427.1478303578518,12.547467925013612,0.04800921950834695
episode_0871_seg00,871,0,intersection,hard,intersection|left_turn|right_turn|multi_turn,895,67.14370475752587,332.2924660586163,-88.35893210054196,94.76923563718779,138.61570148906327,3,1,2,494.8974252442794,20.26248757290002,0.12705547263881425
episode_0871_seg01,871,1,winding,hard,winding|left_turn|right_turn|multi_turn,1404,115.95509368746083,858.531095637995,-302.7573776949379,108.69636606841414,234.7494887695227,8,4,4,740.399639494953,13.138352845945793,0.10556699914242249
episode_0872_seg01,872,1,complex_urban,very_hard,complex_urban|left_turn|right_turn|multi_turn|high_curvature,1323,106.29902381454741,2019.2494435684237,39.44729718288187,349.16168697640296,346.1349395894214,9,4,5,1899.5935908981337,8.346663622325005,0.10771986568562589
episode_0872_seg02,872,2,sharp_left_turn,hard,sharp_left_turn|left_turn,916,70.54739445907897,201.0222303994921,94.50146723428091,115.76724052065669,0.0,1,1,0,284.946356900672,11.221035702468809,0.1101773413589455
episode_0872_seg03,872,3,straight,easy,straight|right_turn|short,384,28.082008863167175,73.45704442283622,-16.30241157747841,0.0,44.879728000157314,1,0,1,261.58044739877454,10.493709723721663,0.2217783325493243
episode_0873_seg00,873,0,straight,easy,straight,653,50.402949505162454,83.43176990765886,-13.116865192558748,0.0,0.0,0,0,0,165.52953889953102,5.243348054390236,0.1219021766601869
episode_0874_seg01,874,1,complex_urban,very_hard,complex_urban|left_turn|right_turn|multi_turn|high_curvature,1582,122.83760165512714,2444.146091891218,73.34536690797373,343.8247135802225,343.4499191198085,12,7,5,1989.737717896254,10.976264147678327,0.07952402930319807
episode_0877_seg00,877,0,intersection,hard,intersection|left_turn|right_turn|multi_turn,1800,140.006572438224,374.99034377414455,95.0440096276464,105.20123211922791,35.62852288512073,3,2,1,267.83767164902486,10.6915770936708,0.06189785719895989
episode_0878_seg05,878,5,complex_urban,very_hard,complex_urban|left_turn|right_turn|multi_turn|high_curvature,1402,111.27647311983003,2406.181606465478,220.85683604582943,336.0093320854635,338.0592134038113,12,7,5,2162.3453179310773,9.827900798538058,0.08228537459899979
episode_0880_seg00,880,0,winding,hard,winding|left_turn|right_turn|multi_turn|long,1895,150.52322088265103,440.59849985903367,-179.5364925539825,49.82880762546159,94.09541076225935,5,1,4,292.71131542058043,12.95054423813624,0.06220138139982548
episode_0882_seg05,882,5,intersection,hard,intersection|left_turn|right_turn|multi_turn,703,64.62042742935185,276.48110410882873,-130.87244001707174,39.64800794098875,136.35302781160152,3,1,2,427.85403177826345,29.489088775629504,0.0869904204708901
episode_0882_seg07,882,7,complex_urban,very_hard,complex_urban|left_turn|right_turn|multi_turn|high_curvature,1361,111.31259255485693,1951.4766659723543,-28.01772987817995,341.81376582056197,331.8539151030155,10,4,6,1753.1499547193011,21.34348156146049,0.09417940048609263
episode_0883_seg00,883,0,complex_urban,very_hard,complex_urban|left_turn|right_turn|multi_turn|high_curvature,899,73.24404968393492,649.1234311889236,-126.14883523162104,191.96932212665826,235.11679968695506,4,1,3,886.2473251957558,12.501476812363679,0.07866393933103778
episode_0884_seg05,884,5,straight,easy,straight|short,375,39.91954269894171,85.3661050891813,-6.279672868812668,0.0,0.0,0,0,0,213.8453983127527,27.353879179804462,0.16379998137178753
episode_0885_seg03,885,3,intersection,hard,intersection|left_turn|right_turn|multi_turn|short,340,28.691158486240283,81.20487197451814,9.236808633225564,35.40823099221973,30.987923552740824,2,1,1,283.03099720934034,9.396397344644113,0.11699632708676853
episode_0888_seg00,888,0,winding,hard,winding|left_turn|right_turn|multi_turn|long,1928,166.35977451289827,1120.3631477591935,184.51956554339856,305.5801188882925,123.16932560153887,9,4,5,673.4579624429156,14.620572323678838,0.07118606924251919
episode_0889_seg10,889,10,intersection,hard,intersection|left_turn|right_turn|multi_turn,570,58.28075972984281,169.72964781310594,-14.180115622735286,31.467009539434116,60.286049586362395,2,1,1,291.2275828247233,23.805503043934344,0.09905321104036414
episode_0889_seg11,889,11,intersection,hard,intersection|left_turn|right_turn|multi_turn,743,60.15447476990676,179.1160793022317,-33.97852340781526,32.06395006636788,48.324334507198074,2,1,1,297.7601915524286,19.79295621857265,0.16028346075408614
episode_0889_seg12,889,12,winding,hard,winding|left_turn|right_turn|multi_turn,753,66.19372302508401,268.6508252566294,-95.5073144722634,44.69553525070981,71.95788039046005,4,1,3,405.8554391249825,23.283100598746383,0.05209876067701221
episode_0889_seg14,889,14,sharp_right_turn,hard,sharp_right_turn|right_turn,764,66.7348966455962,424.119347662116,-270.120470640619,0.0,268.0329556252038,1,0,1,635.5285899586441,19.752345580747907,0.12790793097955264
episode_0889_seg15,889,15,intersection,hard,intersection|left_turn|right_turn|multi_turn|high_curvature|short,330,28.666275147788628,291.21678934123526,-97.16113108957173,83.56613864666542,124.06234725396372,3,1,2,1015.8863955636743,23.359353078592573,0.15477564036362787
episode_0890_seg02,890,2,winding,hard,winding|left_turn|right_turn|multi_turn,1561,135.6615460699743,891.178282913446,-191.92652575345338,114.89145671642223,119.35977921101704,7,3,4,656.9129637176446,23.920279206250516,0.048956284352352546
episode_0890_seg07,890,7,complex_urban,very_hard,complex_urban|left_turn|right_turn|multi_turn|high_curvature|short,391,36.18561548318548,1061.3873342615102,-40.00907556300547,292.65140790756686,318.0141157538981,4,2,2,2933.174743855634,27.912233653454177,0.10406044773974953
episode_0891_seg00,891,0,winding,hard,winding|left_turn|right_turn|multi_turn|long,1893,160.88590728938158,1138.3348226657624,-95.11771073420681,129.3005542247381,265.40611086723425,10,6,4,707.5416621906276,12.682158434992525,0.09018140438933332
episode_0891_seg01,891,1,sharp_right_turn,hard,sharp_right_turn|right_turn|short,482,38.76986432243017,151.03365177614947,-20.260360127679604,0.0,49.280428622210195,1,0,1,389.56456107268207,11.859375254652676,0.2239164805372805
episode_0893_seg00,893,0,winding,hard,winding|left_turn|right_turn|multi_turn,1362,116.4925805134677,384.89030501901914,-131.50516479695835,36.32509568701116,70.83612596439073,6,1,5,330.3989862036939,18.797822632681786,0.07188046746971216
episode_0897_seg01,897,1,complex_urban,very_hard,complex_urban|left_turn|right_turn|multi_turn|high_curvature|short,486,34.742450449124306,828.5258396926429,297.192633010205,342.592740593286,211.39287488791834,4,2,2,2384.765118700849,16.266382561086722,0.11815055582485615
episode_0898_seg00,898,0,intersection,hard,intersection|left_turn|right_turn|multi_turn|high_curvature|short,520,34.11842833091285,705.9214702472054,7.077499910068809,347.08932976903145,339.58405374988683,2,1,1,2069.0327918991757,6.721369921842523,0.12317775703264966
episode_0899_seg01,899,1,sharp_left_turn,hard,sharp_left_turn|left_turn|high_curvature|short,521,32.29314759251254,285.34461651588003,229.1078617387815,237.25238748998134,0.0,1,1,0,883.6073216413249,6.390823261227452,0.1466120285169855
episode_0902_seg01,902,1,straight,easy,straight|left_turn|short,490,33.80798347436071,123.96344341087678,1.335707517021035,30.287430941108482,0.0,1,1,0,366.6691434136796,22.669749069551436,0.1435966743189618
episode_0905_seg00,905,0,straight,easy,straight|short,476,30.62544997538061,48.222382255308304,3.296450195286667,0.0,0.0,0,0,0,157.45852646760662,6.531467565628254,0.17423671147756684
episode_0919_seg00,919,0,sharp_right_turn,hard,sharp_right_turn|right_turn|short,538,33.82060888084387,168.1703767228693,-89.85194210347063,0.0,114.85168273908008,1,0,1,497.2423096088068,12.69929113812997,0.10264081194983493
episode_0924_seg01,924,1,straight,easy,straight|right_turn|short,583,33.60863687995885,95.05967119681736,-40.02503561214786,0.0,43.90477775557423,1,0,1,282.8429832972558,9.352245534997124,0.13260412939706415
episode_0926_seg03,926,3,complex_urban,very_hard,complex_urban|left_turn|right_turn|multi_turn|high_curvature,763,61.75123020855941,1267.373567908396,-327.16063986800026,342.0277726275156,340.9613421675103,5,2,3,2052.3859421552443,9.497070832896897,0.03897198943713216
episode_0926_seg06,926,6,straight,easy,straight|right_turn|short,552,39.86150340094456,46.26908945339014,-14.534133189926678,0.0,30.401611321658407,1,0,1,116.07462214356357,7.6281937114519325,0.08460150427249222
episode_0929_seg00,929,0,straight,easy,straight|short,494,34.458180337046684,82.16996610657225,3.8005639577311285,0.0,0.0,0,0,0,238.46287094339007,6.448478843930045,0.06263767784881662
episode_0932_seg02,932,2,curve_left,medium,curve_left|left_turn|multi_turn,767,61.25907375849876,183.12025348112007,34.60379574539951,38.2531077598849,0.0,2,2,0,298.92755839409824,13.903339034118279,0.041836416317210384
episode_0944_seg00,944,0,complex_urban,very_hard,complex_urban|left_turn|right_turn|multi_turn|high_curvature,628,44.13141366462061,885.3859730852841,234.67656843787603,346.2200345497827,230.9506163262046,4,2,2,2006.248836291149,13.118286112746349,0.12250813813711728
episode_0951_seg01,951,1,intersection,hard,intersection|left_turn|right_turn|multi_turn|short,493,34.075645810803465,113.44739877141834,19.393273643212666,46.727751743625134,31.60863946401423,2,1,1,332.9280959231316,16.14856933719996,0.08354956094326385
episode_0951_seg02,951,2,intersection,hard,intersection|left_turn|right_turn|multi_turn|high_curvature|short,505,34.7134494491889,382.7129543138037,-311.2553136890049,35.540401491487415,322.571191714733,2,1,1,1102.4918594563526,8.734479954690764,0.13878174045922742
episode_0951_seg03,951,3,intersection,hard,intersection|left_turn|right_turn|multi_turn,645,44.560011783954366,170.32374720957006,-24.888524733984696,33.78192981294353,70.12240226686453,2,1,1,382.23452012394216,14.893588391030265,0.1635234951327394
episode_0954_seg01,954,1,intersection,hard,intersection|left_turn|right_turn|multi_turn|short,482,31.483755660805322,94.05089783941364,-17.72675264587528,38.16207259676918,33.32981899591553,2,1,1,298.72833105644776,15.388460672659097,0.12918986348454672
episode_0955_seg00,955,0,sharp_right_turn,hard,sharp_right_turn|right_turn,656,47.93599086284324,115.17190239040107,-82.58489058660032,0.0,76.75919705017941,1,0,1,240.26185819322365,13.588582465235294,0.09843229580954406
episode_0956_seg01,956,1,straight,easy,straight|right_turn|short,521,36.749826474002006,110.4934727543789,-15.94874430143659,0.0,36.76029620454497,1,0,1,300.6639305699729,10.318148854374604,0.10957640127020142
episode_0957_seg00,957,0,intersection,hard,intersection|left_turn|right_turn|multi_turn,705,45.796943027679,143.86111583358218,12.775792017550202,36.29679012602821,30.406477554562287,2,1,1,314.12820665046274,11.99286319420271,0.11320414399471904
episode_0960_seg01,960,1,winding,hard,winding|left_turn|right_turn|multi_turn,1720,137.5241363992512,844.5968559789212,257.43321547254936,304.28228945290357,118.31082535867606,7,4,3,614.1444535430072,15.852887729492018,0.039203414342355546
episode_0964_seg06,964,6,straight,easy,straight|short,424,33.901268437343354,44.07363600710454,-19.130587462918527,0.0,0.0,0,0,0,130.00586125136246,6.952033170848267,0.03248003502323506
episode_0967_seg00,967,0,sharp_right_turn,hard,sharp_right_turn|right_turn|short,491,34.232956394335346,125.47616309010846,-43.95224503041936,0.0,54.733094270639214,1,0,1,366.53615786123413,10.338153938789683,0.10844034349198829
episode_0967_seg02,967,2,intersection,hard,intersection|left_turn|right_turn|multi_turn,603,43.23028166478792,157.80886516637963,-66.92706263640952,33.66123847732942,99.09908569189994,2,1,1,365.0424172343958,16.949306159546968,0.07569023702814355
episode_0967_seg03,967,3,winding,hard,winding|left_turn|right_turn|multi_turn,805,57.52732555894306,232.93828382213968,25.974484968915817,47.01329963886843,44.091677516070206,4,2,2,404.9176309847201,15.461889122232565,0.0948132907480487
episode_0976_seg00,976,0,intersection,hard,intersection|left_turn|right_turn|multi_turn,1250,84.70612930591957,249.58928735538532,-2.8706056422129507,43.438525367915275,37.79179352537693,3,1,2,294.65316075768686,10.947846737728648,0.08578634281918444
episode_0978_seg00,978,0,complex_urban,very_hard,complex_urban|left_turn|right_turn|multi_turn|high_curvature,974,69.71364119544043,635.5449713581925,-6.776526362927484,228.633288167023,222.39805926161503,4,2,2,911.6508052942726,11.682490675422963,0.08909203278618312
episode_0980_seg00,980,0,intersection,hard,intersection|left_turn|right_turn|multi_turn,1186,91.93364116874983,546.4493204782249,228.7726010812828,309.2131799291448,78.22276842382732,3,2,1,594.3953851182547,22.13241096172768,0.060837776425012445
episode_0982_seg00,982,0,intersection,hard,intersection|left_turn|right_turn|multi_turn,1114,76.65703837818006,246.33396167704015,-54.805508667861744,46.89166287695019,109.60445586354314,3,2,1,321.34552402321555,15.722638971843425,0.06960895631399386
episode_0984_seg00,984,0,straight,easy,straight|short,537,32.5024299857486,68.38462915486858,-2.8993522257045186,0.0,0.0,0,0,0,210.39851231078202,6.606733504675861,0.10127197840292845
episode_0985_seg00,985,0,curve_right,medium,curve_right|right_turn,595,42.66250176188787,101.48002007993372,-29.744428456172074,0.0,37.156954933476214,1,0,1,237.8670164406296,24.98632259379788,0.1868743578254545
episode_0986_seg00,986,0,winding,hard,winding|left_turn|right_turn|multi_turn,1104,82.81903204901477,285.9296728826523,-18.63207145546133,35.292910157540035,56.280824995321694,5,3,2,345.2463350615238,13.329975225682292,0.09052398990230105
episode_0986_seg01,986,1,complex_urban,very_hard,complex_urban|left_turn|right_turn|multi_turn|high_curvature|short,466,36.0285395056013,888.626445261771,-327.94678349645335,216.08096535558911,332.58227326963254,5,2,3,2466.451478344321,25.872137049052892,0.16675630320533544
episode_0990_seg01,990,1,complex_urban,very_hard,complex_urban|left_turn|right_turn|multi_turn|high_curvature,1395,93.01017142442302,1921.0624569375182,-12.918493055823333,335.6650174679089,350.37359422862374,12,6,6,2065.4326591565414,8.345539088296904,0.08340860974523807
episode_0991_seg00,991,0,intersection,hard,intersection|left_turn|right_turn|multi_turn|high_curvature,938,60.249890394730386,530.2345022480779,266.7445188939583,347.97075914394964,92.51295191113454,2,1,1,880.0588661227731,9.94520782633458,0.16078162391691464
episode_0998_seg00,998,0,straight,easy,straight|short,464,29.98291262701344,75.30532969684049,8.48335136332031,0.0,0.0,0,0,0,251.16082161075073,6.8407402225149045,0.1280747058531621
episode_0998_seg01,998,1,intersection,hard,intersection|left_turn|right_turn|multi_turn,1604,111.50661708350003,237.71977028375355,-33.05092674938069,45.49023470222585,54.63758802775297,2,1,1,213.18893577924683,9.822267308601946,0.08170788785984413
episode_1000_seg00,1000,0,complex_urban,very_hard,complex_urban|left_turn|right_turn|multi_turn|high_curvature|long,3308,241.82049512677017,2840.3836315729386,-231.30763192590825,340.12358347957445,334.01274981608765,13,7,6,1174.5834984267638,13.021066539204242,0.07672698261432846
episode_1000_seg02,1000,2,straight,easy,straight,573,44.16079377506496,81.88133041471045,-23.194553055311843,0.0,0.0,0,0,0,185.41634652623497,9.249538427209623,0.1980380183099175
episode_1006_seg02,1006,2,intersection,hard,intersection|left_turn|right_turn|multi_turn,638,47.149369730878874,319.1108510861151,29.222389614498923,119.2024691548252,111.80065652323736,2,1,1,676.808307104738,11.47855732732675,0.09121904174380353
episode_1009_seg02,1009,2,complex_urban,very_hard,complex_urban|left_turn|right_turn|multi_turn|high_curvature,1007,75.95860159082741,799.786006975274,238.0153856513674,219.73784596782704,117.3000026798484,7,5,2,1052.9235533897115,19.261653547269372,0.06834098636322096
episode_1010_seg01,1010,1,winding,hard,winding|left_turn|right_turn|multi_turn,1076,85.80647951111686,426.3389532660318,-53.029106434597395,79.2513124879111,52.79436251850379,7,3,4,496.8610245928997,23.503821577001485,0.08922863914159215
episode_1013_seg01,1013,1,intersection,hard,intersection|left_turn|right_turn|multi_turn,495,40.471195454368996,130.7002936774576,1.3228972842352107,40.90535058992455,35.34574549596692,2,1,1,322.946461576163,10.23380533316609,0.08146131273375624
episode_1014_seg02,1014,2,sharp_right_turn,hard,sharp_right_turn|right_turn,569,41.929585654208566,158.74097065866516,-119.03384136729244,0.0,138.8874060129788,1,0,1,378.58940932017526,19.487131547185314,0.10161499650707759
episode_1014_seg04,1014,4,straight,easy,straight|left_turn|short,474,33.12693214235788,123.31688689848457,4.684900517001807,36.12661744764824,0.0,1,1,0,372.25568117370267,9.678377187111506,0.1733546851113059
episode_1015_seg01,1015,1,winding,hard,winding|left_turn|right_turn|multi_turn,1190,93.28705939710959,562.1630171103111,-39.076925168438464,122.6430842523728,116.36753713519451,5,2,3,602.6162907732615,10.18941349195524,0.07377202577553679
episode_1016_seg04,1016,4,intersection,hard,intersection|left_turn|right_turn|multi_turn,528,55.95429389314236,150.993391272665,-31.27786953201536,44.955575649879876,36.09637754659309,2,1,1,269.85130321011957,10.68933274715276,0.20534471100544335
episode_1018_seg00,1018,0,complex_urban,very_hard,complex_urban|left_turn|right_turn|multi_turn|high_curvature,574,44.7724321272943,1437.979358354114,303.8102559137985,336.19308706185575,322.391665727318,5,3,2,3211.751718704352,13.225176429212139,0.1315566357745796
episode_1023_seg02,1023,2,intersection,hard,intersection|left_turn|right_turn|multi_turn|high_curvature|short,437,36.7314754078704,847.0323085982204,325.82285404848517,347.903549726121,227.79273729542814,3,2,1,2306.012212122381,10.317110613978452,0.1892719200942679
episode_1027_seg00,1027,0,complex_urban,very_hard,complex_urban|left_turn|right_turn|multi_turn|high_curvature,1215,93.53523399705247,2450.5603967824263,346.887224584632,351.8075593332588,345.8105194646456,9,5,4,2619.932930150845,8.081597719625307,0.045475976991699564
episode_1028_seg02,1028,2,straight,easy,straight|left_turn,804,49.46821269624475,79.18429718314013,52.311418698687476,39.44420069255139,0.0,1,1,0,160.07106961669388,10.57514678864916,0.05971701963189853
episode_1028_seg09,1028,9,straight,easy,straight|right_turn|short,503,31.91754274607944,73.93592053589032,-35.94460574247876,0.0,38.65208000776025,1,0,1,231.64665627328773,11.514829728734963,0.1731052120481032
episode_1041_seg10,1041,10,sharp_right_turn,hard,sharp_right_turn|right_turn|short,424,30.16265433808222,151.5897648220943,-123.97144057831002,0.0,137.78060270020217,1,0,1,502.5743527840083,33.43622541171793,0.1727581180880345
episode_1045_seg01,1045,1,intersection,hard,intersection|left_turn|right_turn|multi_turn|short,446,30.29949898330873,201.3948453895963,52.616425704290634,64.83408044546994,74.38920984265283,3,2,1,664.6804473583537,15.569034364417385,0.0471866033099975
episode_1047_seg01,1047,1,intersection,hard,intersection|left_turn|right_turn|multi_turn|short,508,38.43044673186084,139.60746466676534,20.508530536992566,42.624043600818794,38.046633532341474,2,1,1,363.2730726260944,15.043548159396646,0.1299761220558939
episode_1048_seg17,1048,17,straight,easy,straight,468,45.27772505409174,81.09140181092906,-0.008178972715739974,0.0,0.0,0,0,0,179.0977831020705,6.745449174354753,0.13278325418989978
episode_1048_seg25,1048,25,straight,easy,straight,583,47.95349504213505,102.48225782127102,13.241666631730169,0.0,0.0,0,0,0,213.71175913501915,5.943811192517759,0.14255173925321638
episode_1050_seg00,1050,0,intersection,hard,intersection|left_turn|right_turn|multi_turn,723,63.95597934210787,206.20278298006684,36.490817958773334,39.66090570308236,30.83996760863181,2,1,1,322.4136118330149,7.468080576771649,0.08737075827559959
episode_1052_seg01,1052,1,straight,easy,straight|left_turn,747,65.36689597535832,197.77230870890992,-1.4625170883178384,34.22485163800698,0.0,1,1,0,302.5572895238365,13.438561819769346,0.05606824831510987
episode_1052_seg02,1052,2,intersection,hard,intersection|left_turn|right_turn|multi_turn|high_curvature|short,541,38.68607852086386,335.74639077025665,59.68868783904031,114.97383635259317,111.06211745277042,3,2,1,867.8739319344159,14.515391572714512,0.07343242987333189
episode_1053_seg01,1053,1,complex_urban,very_hard,complex_urban|left_turn|right_turn|multi_turn|high_curvature,419,42.090258019608015,1719.9661483809184,-341.12250356872903,345.05112974625047,344.4002798271618,6,2,4,4086.3758724873137,8.733812593594948,0.07266440238400747
episode_1054_seg08,1054,8,complex_urban,very_hard,complex_urban|left_turn|right_turn|multi_turn|high_curvature|short,338,39.80896005402864,1336.353974411429,222.3180401017004,335.62708345257454,323.3100465952589,6,4,2,3356.9175698077315,10.871767149710413,0.156684240576658
episode_1054_seg13,1054,13,complex_urban,very_hard,complex_urban|left_turn|right_turn|multi_turn|high_curvature,562,53.27061529238023,1163.5588379398262,228.9118177223783,225.16477373243242,228.5827199216551,5,3,2,2184.2414088020873,11.990883454811812,0.13703974151849557
episode_1063_seg00,1063,0,winding,hard,winding|left_turn|right_turn|multi_turn,1306,124.09477116378184,738.9611884673466,-34.94183962982359,88.62833574041935,102.72742725788868,10,5,5,595.4813257136002,21.2151338001929,0.07074302279795262
episode_1065_seg00,1065,0,intersection,hard,intersection|left_turn|right_turn|multi_turn,468,41.892408616195354,228.18479521865675,-27.453982656432117,80.42047215385605,69.85245719706504,3,1,2,544.6924699632617,18.22648563601727,0.18785398335529957
episode_1067_seg00,1067,0,intersection,hard,intersection|left_turn|right_turn|multi_turn,416,40.51513247902594,140.48094731964017,-14.253162435012996,40.66855579160364,48.78440410176134,2,1,1,346.7369812806733,13.112625938924442,0.15378178290952094
episode_1081_seg01,1081,1,straight,easy,straight|left_turn,586,58.42149583801251,102.74494528827105,19.548917733725006,41.07907425386742,0.0,1,1,0,175.86839195825428,9.797844165066465,0.07506768608187474
episode_1088_seg00,1088,0,complex_urban,very_hard,complex_urban|left_turn|right_turn|multi_turn|high_curvature,799,54.180432228970275,1426.0245027636715,46.07319633003871,342.1204311316817,342.8849600154402,5,3,2,2631.9917433238493,12.64351467110574,0.12124329936737081
episode_1088_seg01,1088,1,intersection,hard,intersection|left_turn|right_turn|multi_turn|high_curvature|short,532,37.075574520344816,732.5815203080177,-25.621214932826803,331.0450844597847,237.9480433759388,3,1,2,1975.9141423581223,14.341023739903811,0.12699393260521594
episode_1088_seg11,1088,11,winding,hard,winding|left_turn|right_turn|multi_turn,602,46.84669853521058,191.73196573711184,55.493625720054894,45.94603774486538,42.24771488698519,4,3,1,409.2752995027038,12.490721913710159,0.06741956923981243
episode_1088_seg14,1088,14,straight,easy,straight,706,48.375117393085006,120.4971242811269,-7.652058308619587,0.0,0.0,0,0,0,249.0890581246453,8.540282362135228,0.1532093203359553
episode_1104_seg10,1104,10,complex_urban,very_hard,complex_urban|left_turn|right_turn|multi_turn|high_curvature,707,55.48535752731474,973.330889679109,3.21263608099612,232.57236955102147,230.68159191879266,6,3,3,1754.2121616499462,5.8828703753418194,0.13137051147740672
episode_1104_seg17,1104,17,straight,easy,straight|short,598,37.83297929841132,53.54230819051671,-21.034594965696073,0.0,0.0,0,0,0,141.52284378186695,5.948909086919354,0.15125467265076004
episode_1104_seg20,1104,20,intersection,hard,intersection|left_turn|right_turn|multi_turn,599,43.0811002672347,124.71275130013385,7.160119975603095,37.420277602849154,35.97787057484268,2,1,1,289.48367271618645,9.577868545165927,0.13405398784121716
episode_1112_seg18,1112,18,complex_urban,very_hard,complex_urban|left_turn|right_turn|multi_turn|high_curvature,624,46.65864448227758,1138.0438565052698,-2.297281868981102,341.58460047973506,318.6790808899781,6,3,3,2439.0846950933915,6.677632767614309,0.14467926988198196
episode_1112_seg31,1112,31,sharp_left_turn,hard,sharp_left_turn|left_turn|short,431,32.2106623877184,125.4418188067792,66.131022858732,81.49929284207869,0.0,1,1,0,389.44190993914145,13.139710988671627,0.1372469430631778
episode_1112_seg34,1112,34,straight,easy,straight,679,50.18416925290137,84.58101760480395,-14.9267628568374,0.0,0.0,0,0,0,168.54123295049652,8.252638970891486,0.15897303770970372
episode_1114_seg06,1114,6,intersection,hard,intersection|left_turn|right_turn|multi_turn|short,558,37.51152031277198,284.3896221500381,-5.994236531106722,104.7136426299071,120.67178255246695,2,1,1,758.139418980597,9.921947615933913,0.11553652596921551
episode_1114_seg10,1114,10,straight,easy,straight|short,418,32.37059367561901,50.11631603856992,-7.231333703293586,0.0,0.0,0,0,0,154.82050326533457,4.4523423549662375,0.12023199307209739
episode_1115_seg01,1115,1,winding,hard,winding|left_turn|right_turn|multi_turn,1289,110.36543627397131,808.4943949110718,-333.00004152867484,105.52827673470574,315.3090416796219,5,2,3,732.5612276873208,9.817362483032257,0.06937670746982526
episode_1116_seg01,1116,1,sharp_right_turn,hard,sharp_right_turn|right_turn,653,53.01042467552397,173.5984981044542,-80.7336611367609,0.0,68.37255951214456,1,0,1,327.4799233679942,10.002327878914507,0.13082757512881343
episode_1117_seg03,1117,3,curve_right,medium,curve_right|right_turn|short,487,39.041227344925716,118.13552910489321,-46.68649653729912,0.0,32.939309108615674,1,0,1,302.5917399091388,9.003578166532415,0.12022835916198919
episode_1119_seg00,1119,0,intersection,hard,intersection|left_turn|right_turn|multi_turn|high_curvature|short,368,28.645969364459322,1013.0410605254823,-314.6096213626199,343.2784734160014,351.4436068034665,3,1,2,3536.41745418589,7.792387627590736,0.14212435640808635
episode_1119_seg02,1119,2,intersection,hard,intersection|left_turn|right_turn|multi_turn|high_curvature|short,410,31.826163896109296,260.6734792740765,-12.749721279299507,118.91303545626693,121.28559301371894,2,1,1,819.0540340488333,6.566405675523657,0.11038725005138307
episode_1120_seg09,1120,9,intersection,hard,intersection|left_turn|right_turn|multi_turn|short,416,36.60442827708088,136.28804491821757,55.14146769823071,71.69788147576656,38.83661231378329,2,1,1,372.3266591860733,14.461631608082698,0.09178636714138941
episode_1130_seg12,1130,12,intersection,hard,intersection|left_turn|right_turn|multi_turn,830,55.98200302150597,174.05923967093491,-3.8112683111403953,66.31125854312495,34.3312845379746,2,1,1,310.9199926341838,13.704400848825212,0.0721998293892608
episode_1134_seg09,1134,9,complex_urban,very_hard,complex_urban|left_turn|right_turn|multi_turn|high_curvature|short,444,36.37320058250256,1357.582293784501,3.598131799771153,341.95393737245934,340.97641200198046,4,2,2,3732.3696349052384,13.394809215134357,0.15877389338608802
episode_1134_seg13,1134,13,intersection,hard,intersection|left_turn|right_turn|multi_turn|high_curvature|short,422,30.96632080167182,470.8635359388271,223.15425891896888,228.46579621962857,122.6998510635289,3,2,1,1520.5666147894651,6.893411084614585,0.1255946838226135
episode_1134_seg15,1134,15,straight,easy,straight|left_turn|multi_turn|short,414,34.75633082429762,99.99522993874191,52.67866430816028,35.782705148709965,0.0,2,2,0,287.7036429542694,11.394899613677234,0.19067623066076508
episode_1134_seg20,1134,20,intersection,hard,intersection|left_turn|right_turn|multi_turn|short,422,32.22268911005603,148.76894433268572,-64.85205957202763,38.93313988460764,57.142781796099,3,1,2,461.69003407682084,16.415736685334913,0.1562176626338395
episode_1138_seg23,1138,23,sharp_left_turn,hard,sharp_left_turn|left_turn,630,45.14018589803259,124.82560099701274,65.0795099278005,81.45564928757523,0.0,1,1,0,276.5287703488461,20.53473766336976,0.14304029232879367
episode_1141_seg00,1141,0,sharp_left_turn,hard,sharp_left_turn|left_turn|short,322,39.174406275786716,87.27338495771514,42.28597834894535,45.10187322241896,0.0,1,1,0,222.7816405009765,12.249258906322966,0.17431968213542534
episode_1143_seg09,1143,9,complex_urban,very_hard,complex_urban|left_turn|right_turn|multi_turn|high_curvature,583,44.97633422087931,1305.4563526257944,-64.48914714052157,323.7387706833651,326.85040226875606,5,2,3,2902.5405810413154,16.403672931805687,0.1010202493477674
episode_1144_seg01,1144,1,complex_urban,very_hard,complex_urban|left_turn|right_turn|multi_turn|high_curvature,670,52.76679829304782,1734.3209451228408,342.1846874358242,352.1644911358553,343.5259063755729,7,4,3,3286.765544293679,7.7905157572295805,0.12086825103340909
episode_1144_seg02,1144,2,complex_urban,very_hard,complex_urban|left_turn|right_turn|multi_turn|high_curvature,648,50.298854802879475,610.4250288954013,73.06065579703952,125.22125924425609,117.4103765870909,6,3,3,1213.5962762723896,14.49098619086792,0.10403641342394364
episode_1150_seg09,1150,9,intersection,hard,intersection|left_turn|right_turn|multi_turn|high_curvature|short,361,27.723517875129993,688.8655897671963,12.2379565553086,333.27945311937333,324.47811792475653,2,1,1,2484.7697643204174,15.655141712642939,0.15552459452857792
episode_1155_seg05,1155,5,straight,easy,straight|short,438,33.30117137614043,46.58105226724061,18.04198135610696,0.0,0.0,0,0,0,139.87811942439637,13.248549015270514,0.24165592455108162
episode_1155_seg07,1155,7,sharp_right_turn,hard,sharp_right_turn|right_turn|multi_turn|high_curvature|short,390,29.32514754486362,243.51877742186065,-205.05913910154277,0.0,189.71607811645436,2,0,2,830.4093851507787,38.94156477376399,0.11234604793650198
episode_1155_seg10,1155,10,straight,easy,straight|right_turn|short,472,35.21907117541599,83.51785028595816,-23.259106909975287,0.0,37.57642649504115,1,0,1,237.13813992986908,9.082148924272794,0.1360495746772568
episode_1160_seg01,1160,1,intersection,hard,intersection|left_turn|right_turn|multi_turn|short,394,32.649769545526595,171.9616316771183,78.91417551115586,85.88537764902847,40.59498761202238,3,2,1,526.6855909574991,16.566639791982436,0.13306496863120207
episode_1163_seg11,1163,11,complex_urban,very_hard,complex_urban|left_turn|right_turn|multi_turn|high_curvature,967,71.24505657489317,1234.578362747693,-25.153512110927295,344.73931594459634,341.6823867179802,6,3,3,1732.861790136833,7.72476738889574,0.10743877206972743
episode_1163_seg12,1163,12,complex_urban,very_hard,complex_urban|left_turn|right_turn|multi_turn|high_curvature|short,376,27.80210815138322,477.6782898353139,19.849808089575987,118.32049242816464,125.18051993493884,4,2,2,1718.1369385168307,22.274802527437306,0.30526353933966927
episode_1166_seg56,1166,56,straight,easy,straight|right_turn|short,429,30.310746961190038,66.17717517071367,-27.656464069771744,0.0,31.72213996118154,1,0,1,218.3290806242654,8.559617886126182,0.17503921226034697
episode_1168_seg04,1168,4,complex_urban,very_hard,complex_urban|left_turn|right_turn|multi_turn|high_curvature,1232,95.96223070704926,2320.7653138559276,43.31632992485277,347.30964810815146,338.0081357663714,10,5,5,2418.4153460757843,15.618170801030304,0.07084007295929425
episode_1173_seg02,1173,2,intersection,hard,intersection|left_turn|right_turn|multi_turn,646,53.86695534956859,151.95638953271492,12.588000997724691,39.35227681884132,36.60797173582051,2,1,1,282.0957459848933,16.44353746280015,0.06234595195053464
